518
528
918
434
17
406
632
460
343
159
366
712
300
54
737
511
789
41
854
286
838
242
217
313
446
363
405
115
218
268
391
787
685
32
880
370
494
466
375
578
117
277
638
359
118
829
648
922
657
999
624
867
442
331
133
213
80
159
772
127
243
333
682
522
711
586
254
615
526
372
313
528
760
915
656
799
814
514
576
739
595
465
896
573
429
603
940
373
494
908
231
251
771
772
488
390
861
274
652
126
354
511
671
151
956
467
131
600
529
148
873
492
274
161
698
80
171
608
963
374
671
269
771
699
351
830
934
860
913
182
475
160
347
147
262
515
92
321
845
244
305
586
235
696
834
829
649
373
910
686
43
302
609
739
55
636
815
721
240
365
245
339
301
449
958
483
162
342
600
914
605
653
369
244
752
144
423
65
546
743
487
264
662
256
196
826
835
358
411
953
294
717
632
236
718
168
448
773
851
267
878
37
124
332
891
173
763
856
654
798
545
982
866
959
476
254
782
137
450
769
761
28
257
308
946
810
491
166
491
980
44
804
781
934
271
869
484
886
727
233
656
190
114
407
45
741
637
336
867
690
546
38
954
186
522
291
209
923
36
758
477
359
978
123
269
444
531
148
915
763
28
747
853
880
243
2
40
236
584
384
850
774
253
457
95
152
304
969
742
554
681
839
63
362
721
923
418
30
667
936
479
918
815
583
17
661
987
823
187
480
775
526
405
116
511
345
319
491
783
984
737
432
365
839
822
115
975
779
640
525
448
409
411
725
773
826
118
795
358
448
562
503
892
28
804
891
818
106
390
375
717
630
29
780
901
988
230
701
854
145
240
421
791
249
703
838
51
1
80
149
759
573
898
315
493
87
444
649
527
515
608
746
491
142
326
741
427
66
909
159
242
729
955
621
348
278
373
76
180
121
52
744
130
720
527
220
33
506
970
764
300
949
333
183
67
58
149
907
358
687
745
920
349
453
527
980
373
458
192
515
535
747
667
810
602
862
788
98
123
425
169
684
779
365
592
655
453
680
54
921
412
137
985
757
247
233
205
424
543
721
393
99
713
31
212
620
929
611
165
336
895
833
14
607
759
875
60
957
45
431
679
393
806
419
168
584
471
840
914
273
234
165
78
326
776
824
694
758
61
485
726
517
110
345
955
481
500
854
255
707
146
122
726
521
975
509
829
296
820
349
964
49
70
626
213
93
235
741
512
795
388
471
950
316
222
882
281
306
804
401
823
470
50
938
201
436
107
247
267
920
65
452
542
900
897
237
438
898
312
882
545
470
95
524
623
187
333
515
757
458
26
5
202
94
76
906
386
195
49
827
111
716
342
549
129
729
793
876
744
636
589
366
473
840
279
660
772
902
438
897
892
459
147
343
199
236
532
361
983
61
352
489
878
97
58
625
802
330
885
558
506
54
258
235
233
924
278
223
874
961
532
229
136
813
993
509
411
749
367
327
195
336
696
935
993
875
421
575
627
981
42
530
948
51
189
966
696
973
964
443
387
727
542
411
871
215
803
368
787
171
460
405
357
781
964
294
125
758
867
978
220
436
451
851
851
745
587
543
855
501
841
391
669
702
279
74
295
363
15
603
943
509
325
697
675
402
321
214
196
259
155
821
181
939
302
506
906
835
843
599
835
693
691
678
410
469
508
678
104
455
475
961
427
339
127
371
89
958
991
570
635
328
769
495
818
725
674
999
900
453
294
400
140
595
51
642
441
655
128
126
429
491
836
715
404
816
889
501
337
12
406
14
463
611
859
810
317
341
582
960
937
470
339
376
833
242
604
116
721
928
91
497
589
195
388
779
133
314
894
194
935
846
481
430
43
950
147
172
196
987
439
552
772
203
497
239
583
581
514
349
653
520
889
607
417
486
579
684
253
692
62
361
897
156
846
716
134
3
426
896
41
940
70
827
493
391
978
789
382
715
87
864
44
100
631
246
850
80
438
950
478
93
466
743
525
675
49
731
356
120
277
475
596
688
430
959
79
670
391
839
703
286
768
918
110
806
26
99
208
664
653
386
532
708
750
264
461
100
366
73
931
775
643
665
949
960
277
410
755
694
393
409
992
583
760
852
55
669
307
879
292
0
464
44
155
411
387
418
932
272
182
79
694
302
269
497
24
261
110
541
908
826
887
93
318
8
878
908
868
252
504
674
46
573
491
132
890
621
530
368
406
530
230
293
435
407
476
749
307
779
816
607
837
461
86
371
453
389
985
785
893
525
516
141
35
387
959
979
564
485
112
604
436
947
924
436
532
590
824
199
554
241
11
135
676
851
361
723
411
136
456
144
227
112
282
321
6
2
106
360
983
185
506
198
875
494
228
483
274
380
857
282
115
806
101
868
945
744
754
400
984
295
820
515
333
15
666
445
762
475
773
578
623
272
470
494
402
463
428
160
901
211
856
987
849
477
660
49
694
25
831
547
122
220
753
978
162
68
698
38
363
47
509
411
482
398
136
100
509
498
800
517
766
511
262
50
158
912
351
526
738
914
34
311
487
256
608
984
509
389
162
572
7
538
410
426
968
43
630
888
961
19
154
993
462
848
538
976
542
600
880
721
666
283
308
31
168
522
294
66
253
914
217
909
792
915
123
914
588
448
463
687
965
963
51
990
6
392
578
626
791
67
429
450
143
96
957
695
945
214
623
503
984
209
688
679
161
492
353
585
659
703
299
238
776
788
325
312
241
969
272
437
194
536
818
440
828
826
769
189
327
769
534
656
437
196
652
487
49
239
807
918
269
365
24
931
510
99
754
221
762
971
711
999
4
74
304
144
425
225
319
682
971
808
833
553
801
814
284
331
920
25
61
628
893
983
363
549
404
610
411
99
668
522
544
622
435
342
354
784
893
284
325
810
700
98
339
175
965
286
314
483
972
787
480
469
298
879
632
283
340
534
300
113
358
468
372
122
87
181
292
342
545
459
189
90
881
511
442
475
162
468
642
707
264
964
513
719
172
373
385
112
105
962
147
380
358
48
966
566
286
579
191
77
902
898
833
738
145
875
679
13
811
891
907
769
396
134
156
701
361
35
98
768
279
602
107
186
972
58
203
392
878
924
687
23
130
602
384
720
752
327
398
837
951
831
533
779
331
141
894
115
983
380
960
799
776
32
585
524
53
21
955
307
963
320
176
927
686
213
279
635
733
909
886
775
426
756
733
271
198
149
621
677
908
740
121
800
644
717
681
313
933
685
50
641
812
414
753
199
749
630
334
536
32
901
386
584
889
130
843
796
578
206
943
653
456
778
133
255
965
374
254
798
10
999
37
182
720
259
76
363
511
571
263
668
925
983
199
520
171
118
418
664
883
482
930
145
0
268
285
756
323
741
630
437
442
756
232
478
791
848
56
544
308
483
618
53
635
148
159
767
289
779
240
60
384
344
423
224
109
387
804
796
131
323
369
323
837
675
255
174
564
552
944
681
137
177
258
967
398
367
977
786
797
712
260
197
338
154
451
636
954
877
734
890
576
980
702
70
323
935
951
889
257
621
606
304
961
500
634
408
961
235
176
895
999
388
758
150
56
26
434
438
171
988
17
717
194
754
262
726
93
713
965
479
747
151
550
583
873
626
226
455
949
42
342
946
495
244
176
552
344
173
624
917
322
758
460
796
37
512
255
464
906
943
110
153
769
580
579
110
395
875
416
333
668
129
458
84
978
119
639
530
553
811
966
59
370
917
111
167
87
411
331
489
339
719
506
312
363
396
271
607
409
991
442
940
195
205
707
342
964
596
404
613
709
146
647
750
941
907
260
922
748
171
171
246
539
349
196
164
997
228
699
427
261
479
533
967
919
891
248
337
738
245
435
545
695
527
640
915
249
965
370
968
647
610
371
988
121
191
247
375
961
473
676
622
108
582
729
993
34
324
985
129
451
263
939
981
525
408
957
500
163
319
772
523
960
173
88
963
189
916
647
108
79
403
653
842
569
311
737
10
518
403
41
769
857
302
921
814
313
841
504
933
924
459
968
617
150
648
286
434
831
992
626
607
824
906
166
806
884
425
403
161
151
659
194
243
179
798
550
205
828
378
233
538
702
598
256
190
807
337
393
802
191
73
898
0
451
808
103
239
88
354
140
788
855
235
307
564
704
337
361
864
299
762
754
857
255
810
533
624
594
168
333
971
714
794
491
752
591
383
937
123
549
715
779
441
836
213
106
645
518
440
805
672
899
738
815
796
141
819
666
516
541
123
61
328
261
383
974
592
942
601
375
170
547
671
842
747
338
870
232
448
28
158
145
6
380
960
736
211
955
989
902
551
803
52
659
735
703
383
218
96
358
518
622
159
337
391
95
114
170
11
669
634
327
217
994
476
695
419
219
86
461
796
396
766
894
696
680
182
353
515
615
824
986
258
371
565
734
229
316
244
261
517
771
914
417
949
818
504
226
966
22
79
290
493
912
690
802
258
100
537
700
503
941
669
940
741
684
427
949
884
691
56
882
1
802
884
386
405
225
567
771
508
445
666
720
175
135
88
892
672
441
47
370
629
817
207
409
971
788
251
167
707
975
466
583
607
896
166
289
581
85
901
374
463
974
211
993
781
599
688
970
615
28
978
526
593
346
234
198
176
874
703
877
682
193
24
819
901
836
690
716
695
79
988
894
405
481
306
696
854
759
774
538
677
951
993
753
17
703
332
136
966
191
29
29
242
169
330
21
699
801
94
228
246
588
77
761
705
758
851
705
448
121
554
285
72
730
802
676
155
255
758
923
750
570
902
881
190
640
729
202
290
958
842
384
576
453
673
254
542
718
773
377
598
127
127
353
737
553
29
855
958
267
104
231
491
482
314
668
695
64
688
15
825
951
564
492
716
578
541
84
73
419
625
582
147
471
285
79
664
934
485
754
667
388
944
722
444
208
798
743
559
191
194
967
821
107
422
92
441
597
893
199
791
788
945
887
377
448
335
799
589
51
728
615
149
993
583
28
27
874
965
117
852
673
487
993
952
269
962
413
770
657
690
198
381
557
399
556
278
338
581
307
464
322
161
655
514
464
407
246
737
900
934
977
211
51
840
996
994
502
616
30
336
670
684
757
706
912
506
964
876
94
620
598
314
572
131
841
667
78
656
754
460
608
377
850
375
453
280
214
491
436
204
399
73
657
676
559
569
57
535
164
891
342
442
720
283
820
103
762
906
347
28
414
124
308
176
813
22
176
470
423
945
913
269
238
200
764
984
435
213
734
466
881
998
422
380
954
986
652
346
127
204
133
475
646
445
490
285
38
353
187
398
174
214
233
59
804
626
467
320
55
650
511
631
475
400
896
28
755
853
789
820
841
442
634
79
693
496
939
786
923
310
573
280
691
315
474
703
71
849
980
298
972
948
297
954
299
261
411
636
782
931
348
227
727
423
933
888
943
532
636
380
873
24
198
888
884
376
293
651
608
909
913
378
917
284
867
358
883
716
305
411
405
931
902
149
937
266
957
709
371
993
527
460
371
547
341
934
306
102
612
35
779
456
929
73
518
432
224
607
203
289
388
306
858
432
709
372
657
842
59
119
504
716
734
310
218
695
386
129
979
483
509
947
4
462
516
631
887
885
602
854
385
888
546
7
816
862
212
676
395
66
453
176
112
589
795
990
270
510
267
54
84
963
76
957
953
226
9
278
372
832
568
743
693
477
614
824
531
158
309
867
723
171
774
58
936
70
808
238
287
40
154
135
570
359
59
42
547
96
599
634
312
224
581
550
232
76
249
230
272
427
127
361
233
303
842
299
868
310
289
832
303
219
318
59
774
940
752
314
656
223
947
120
136
236
285
298
43
3
462
428
205
811
343
948
978
318
150
245
599
800
449
739
815
955
687
600
199
553
68
383
982
483
209
609
219
872
188
890
162
32
689
300
494
704
43
497
162
121
367
550
387
241
848
957
86
92
335
13
444
184
335
810
292
63
941
764
350
551
602
54
548
394
576
560
940
384
260
986
682
22
77
308
788
425
77
14
327
752
328
586
815
501
29
973
451
340
618
557
639
540
383
754
507
421
513
140
199
181
378
846
618
197
161
820
26
366
713
157
522
326
207
946
282
409
663
841
444
675
529
1
344
487
48
612
911
486
931
725
648
814
828
577
742
65
139
295
812
562
812
733
30
271
853
628
533
803
195
778
311
326
242
805
253
908
419
963
401
957
233
168
873
305
437
878
595
130
36
463
539
165
171
568
309
817
83
681
170
386
740
183
320
859
920
844
779
80
331
393
106
930
472
77
204
830
662
631
444
655
12
116
560
893
320
846
450
785
963
539
828
445
946
996
470
693
754
616
183
745
58
657
499
297
498
843
871
823
299
840
633
732
575
273
233
390
185
505
977
544
910
550
596
697
91
151
43
515
851
646
479
874
98
173
163
437
588
567
756
181
126
822
69
643
279
987
739
630
298
653
940
242
769
27
554
190
126
203
843
179
126
520
951
465
938
100
113
991
486
523
806
156
504
700
24
259
632
462
4
985
117
294
53
662
419
770
152
529
641
979
467
682
675
124
961
569
589
910
146
557
542
394
119
563
96
167
669
569
22
695
577
997
737
677
299
171
438
16
553
974
277
656
441
779
254
369
336
615
222
582
919
163
245
237
124
74
391
613
215
924
711
362
572
638
118
496
313
603
108
469
544
129
189
329
342
788
272
872
713
120
376
602
796
49
666
787
397
548
753
534
349
392
396
801
863
812
175
965
53
182
715
149
672
426
944
719
142
798
154
88
163
861
542
819
961
6
976
401
669
392
712
291
952
317
837
133
827
603
584
978
365
115
729
425
520
323
802
591
0
450
465
22
417
127
809
891
44
385
68
507
360
135
601
780
227
779
985
279
347
843
428
306
963
608
513
725
92
445
248
109
925
933
24
889
447
971
319
368
648
62
854
291
11
871
566
790
549
668
292
819
885
344
818
211
179
483
647
357
322
874
880
379
156
924
145
305
22
578
932
869
27
228
705
202
665
197
870
147
974
271
520
501
111
80
891
507
74
778
823
412
586
572
595
310
440
211
40
911
661
139
942
437
3
138
645
709
870
745
112
940
418
336
467
277
141
892
458
201
5
820
302
38
84
484
973
667
342
521
113
50
558
560
991
115
872
269
80
67
756
260
399
485
397
428
908
951
121
623
660
842
235
992
714
362
995
410
384
292
162
517
422
443
664
897
767
164
129
761
996
273
855
413
83
23
38
94
557
148
787
129
962
683
62
316
128
883
129
809
302
126
673
0
584
789
355
216
872
944
677
581
48
208
0
414
237
32
85
665
171
361
964
866
541
29
206
661
157
373
155
843
260
819
341
620
716
573
615
433
401
400
442
161
312
194
831
257
48
849
101
155
679
843
728
489
685
422
434
422
876
441
3
157
210
640
777
339
802
523
965
707
908
578
616
65
909
920
904
732
46
534
242
511
812
785
197
839
6
305
508
643
920
121
339
265
105
471
988
874
462
361
947
791
880
789
985
117
260
281
833
440
1
29
162
160
538
24
134
806
709
958
722
18
864
180
825
463
402
303
950
931
251
784
871
788
158
879
866
919
83
647
133
887
550
485
715
445
895
310
839
393
922
121
62
956
209
674
622
486
740
234
717
933
71
401
385
631
690
912
313
105
298
645
190
383
451
385
984
225
543
663
930
241
222
328
934
554
902
614
204
147
915
994
498
896
630
932
769
853
779
415
796
917
825
6
472
25
180
734
188
216
977
384
554
183
222
83
994
765
663
496
118
859
362
364
337
381
143
771
489
459
815
875
982
68
600
982
891
156
175
265
12
682
938
303
237
126
607
374
929
643
865
679
265
33
440
534
349
187
111
202
375
350
415
739
632
326
288
496
421
825
462
253
265
961
985
818
634
46
493
832
258
672
783
171
437
615
457
633
346
704
49
850
35
199
357
960
389
809
932
827
96
383
963
855
996
376
950
126
566
4
909
464
274
35
792
940
481
286
545
677
501
112
331
113
192
322
265
970
987
800
238
140
257
667
24
670
971
111
444
693
807
921
768
826
132
574
887
352
998
950
963
636
232
205
857
971
849
77
4
510
906
663
990
83
101
18
642
222
278
815
91
225
582
590
823
450
779
121
413
817
788
368
41
66
637
455
609
952
811
158
126
183
762
130
959
914
783
727
8
277
265
81
788
487
753
513
996
587
254
635
886
379
357
291
632
396
551
191
636
40
992
698
794
220
61
812
840
736
891
250
830
718
340
509
61
181
413
576
433
4
789
942
958
120
231
148
978
505
51
922
75
749
611
231
791
466
978
366
496
276
711
95
717
908
759
98
404
496
114
676
842
309
999
960
736
729
798
142
560
368
836
946
860
639
349
924
325
402
269
406
237
32
474
696
923
148
250
88
245
973
907
758
911
897
809
631
728
751
477
309
702
341
798
298
126
410
825
534
46
936
334
21
634
550
168
595
497
987
749
730
881
827
65
0
791
844
236
984
109
364
356
543
803
514
441
583
419
685
669
803
132
624
857
25
858
931
493
1
539
932
70
708
937
535
238
66
167
152
8
501
548
444
268
404
402
662
972
993
337
740
623
280
576
995
143
996
122
880
869
572
560
668
1
297
16
445
695
717
903
166
768
772
923
679
667
900
54
507
518
450
494
56
653
279
126
453
772
827
925
962
720
344
228
641
591
139
896
746
772
583
136
158
627
143
124
541
598
837
635
14
281
183
592
847
28
435
688
86
374
351
961
749
724
261
306
503
907
777
601
136
610
40
7
664
473
537
522
194
852
49
3
81
38
32
614
241
744
674
895
187
762
816
759
368
959
732
375
42
375
751
186
8
841
82
242
668
896
519
945
947
398
102
864
447
265
715
192
183
704
75
820
789
210
600
703
415
468
464
804
514
768
503
41
694
391
654
624
967
387
434
522
265
666
321
463
466
447
226
465
949
795
588
206
654
592
85
5
956
95
292
172
689
92
752
381
692
323
592
920
884
47
165
749
335
810
607
690
80
106
70
535
261
644
188
629
913
966
713
776
891
294
628
477
515
670
392
196
365
822
691
312
895
275
614
217
445
733
926
736
557
8
423
955
65
653
338
468
504
647
152
675
518
903
716
517
232
584
427
746
530
729
692
879
737
596
718
767
806
279
319
397
811
325
206
628
206
297
135
552
531
120
480
459
179
254
269
400
491
565
898
129
775
816
364
728
94
217
781
863
886
691
955
715
542
586
527
430
604
342
590
611
176
667
186
375
430
900
456
57
597
903
889
652
20
152
526
126
586
570
203
215
76
54
264
502
921
839
229
747
864
471
258
617
955
159
27
617
328
975
336
949
998
94
178
860
288
128
279
658
342
702
17
823
627
987
454
535
846
194
674
278
727
587
146
324
392
288
810
510
672
725
230
236
718
142
778
296
110
586
954
931
455
571
169
196
227
846
587
462
366
333
779
676
900
130
962
955
350
442
657
817
154
745
789
928
835
349
199
211
378
694
644
723
844
921
534
805
774
149
812
678
933
806
106
477
179
42
612
210
520
818
557
335
708
369
212
58
368
653
769
505
604
342
941
205
330
842
153
175
322
216
413
191
766
252
618
73
591
255
696
595
952
490
350
287
781
339
548
452
985
355
675
706
784
641
823
674
923
216
449
370
803
731
944
587
2
936
766
280
26
136
246
288
460
931
474
973
367
940
625
2
342
107
864
497
835
351
703
547
798
492
456
691
429
181
10
57
421
820
529
948
787
268
2
209
292
186
808
111
476
456
927
953
942
616
667
715
738
353
720
403
970
708
962
777
408
320
9
223
349
88
714
628
664
258
383
265
588
195
369
171
788
673
886
35
673
415
678
23
403
420
801
212
794
295
806
354
41
899
632
614
434
786
599
770
826
750
9
790
302
983
196
616
581
481
461
280
961
738
551
458
3
210
850
877
553
279
852
163
396
187
240
671
934
252
914
956
910
365
693
994
462
845
333
388
731
232
695
862
401
824
568
100
103
636
545
711
605
252
147
712
372
740
917
943
491
492
200
90
31
388
153
237
268
120
950
613
711
307
207
524
97
42
593
11
909
416
723
381
510
212
75
841
297
863
513
202
182
39
462
26
427
230
320
936
775
824
914
429
104
238
72
807
90
229
290
16
234
407
483
625
658
580
650
659
968
408
59
382
976
532
57
472
872
109
129
120
18
423
577
428
678
531
688
847
146
385
603
641
641
668
32
770
335
663
367
868
215
25
268
449
152
371
595
660
889
555
606
64
991
796
132
897
67
32
453
516
868
472
405
723
886
925
137
951
25
652
824
981
801
774
278
358
578
332
601
163
411
142
853
181
572
666
302
276
363
213
379
668
475
773
557
14
397
338
407
227
120
229
1
516
787
125
498
96
223
576
114
579
223
803
19
457
925
295
216
812
560
30
632
415
103
561
703
514
6
270
739
803
690
975
564
178
551
11
480
812
360
168
671
336
36
738
256
536
288
362
738
209
622
109
171
575
234
517
383
514
757
886
807
983
702
255
65
577
239
308
280
825
602
247
18
519
122
408
829
978
865
146
419
176
131
145
976
926
727
601
298
554
518
970
893
41
218
239
3
149
15
543
827
240
786
431
759
388
543
874
484
679
328
64
143
599
27
55
573
728
781
877
701
911
684
626
373
414
526
721
823
712
777
917
298
872
260
114
431
786
261
703
527
943
85
891
93
703
192
288
713
241
331
490
296
990
646
685
243
616
601
406
500
901
832
502
585
387
667
11
234
440
276
137
493
872
520
572
998
87
883
250
368
865
391
63
651
522
130
114
606
198
812
778
897
997
432
961
502
590
550
382
993
886
910
644
573
223
700
257
554
332
243
902
643
190
961
575
436
876
426
259
401
1
148
552
245
823
875
513
984
429
646
843
337
989
759
349
924
752
627
882
480
743
363
811
820
386
629
692
266
430
911
654
791
927
911
659
167
611
532
126
765
568
594
793
978
380
779
344
947
877
564
248
336
698
889
218
672
98
845
902
19
136
504
92
449
480
867
842
164
886
750
529
566
545
883
356
639
589
901
517
570
903
983
359
39
888
660
239
257
195
39
53
492
957
328
312
817
872
942
832
225
569
100
660
420
798
330
700
25
415
888
297
695
62
90
53
754
544
317
477
214
253
322
950
934
880
730
115
85
147
786
506
526
22
97
484
199
409
534
732
820
482
586
157
485
628
233
407
354
815
274
953
990
886
71
6
952
828
422
649
870
505
360
891
137
99
293
905
574
540
18
871
267
263
107
418
90
832
634
65
587
219
564
107
736
308
562
747
459
834
370
305
837
761
297
906
989
841
772
20
991
540
301
72
656
377
52
956
672
907
106
431
974
732
923
708
921
22
196
304
561
240
520
516
118
488
289
16
509
164
623
571
544
71
863
350
949
232
806
356
604
282
675
499
969
760
112
687
505
710
154
505
605
855
285
625
812
977
882
702
629
53
376
82
633
101
414
390
90
651
550
917
381
770
111
253
585
400
278
61
0
318
778
329
13
193
343
454
193
847
706
972
155
162
235
139
865
986
370
134
555
318
783
850
776
923
322
734
452
331
785
658
402
945
373
914
482
900
840
19
74
389
585
339
890
913
729
666
785
301
989
846
117
560
707
40
705
588
902
368
762
233
190
158
772
351
152
890
523
94
28
222
106
84
188
161
976
998
89
418
316
279
349
535
468
833
295
831
517
834
919
116
438
240
601
696
300
692
66
861
674
824
625
739
599
521
171
280
741
256
64
742
492
671
517
168
742
94
542
985
78
173
40
495
966
106
932
657
558
768
67
497
337
702
123
942
311
709
989
325
978
383
355
658
614
231
71
817
527
233
995
380
39
288
630
237
764
420
15
372
267
899
804
437
990
936
990
432
660
613
164
100
840
138
951
262
613
519
454
752
641
722
658
351
664
559
417
125
298
236
779
741
914
481
427
429
499
868
482
766
699
367
382
831
248
157
469
435
276
394
106
600
933
588
857
695
558
552
194
496
493
252
449
518
112
159
735
856
780
272
879
270
819
356
279
341
233
121
345
293
691
389
198
978
250
445
776
604
731
171
339
192
690
876
995
696
751
853
942
313
172
266
747
291
199
267
839
46
51
974
916
648
811
829
358
138
375
638
56
119
472
432
965
349
20
882
669
320
248
360
572
522
795
121
535
682
249
659
818
415
885
137
836
634
166
860
264
654
940
916
592
93
516
343
909
702
773
395
780
899
824
268
373
968
872
535
825
208
309
655
825
545
949
906
434
681
672
447
911
665
941
513
668
371
913
819
916
983
145
145
856
563
855
606
347
117
588
659
7
872
200
453
58
160
334
303
74
627
480
950
488
365
531
957
736
360
693
426
720
629
2
41
722
535
39
727
13
198
837
645
437
615
709
389
618
393
919
540
371
255
603
466
651
48
737
76
387
619
890
679
651
104
225
635
492
971
170
797
142
624
52
841
410
643
892
459
496
979
826
819
502
379
1
238
607
276
739
909
380
799
714
208
426
67
374
908
465
51
158
158
191
622
739
27
73
630
681
123
760
67
634
983
379
957
190
852
528
871
730
646
995
19
491
444
594
615
408
829
442
174
533
991
311
586
133
278
81
203
440
409
271
223
352
632
624
875
824
27
5
327
263
14
741
10
5
945
999
748
344
384
717
92
243
471
673
816
726
807
349
941
952
93
695
765
252
162
899
542
643
206
335
458
722
582
257
575
784
928
471
115
900
87
516
251
89
574
74
688
396
319
694
400
662
973
772
949
752
538
450
917
747
376
940
889
260
457
451
20
862
119
107
677
953
312
771
410
987
17
431
443
781
772
522
624
913
388
541
213
382
827
303
180
574
902
4
783
510
469
431
966
204
317
231
19
904
370
868
184
410
41
398
443
202
83
65
650
814
654
248
664
798
777
231
947
92
242
286
154
169
735
227
287
797
588
220
778
132
582
227
476
512
282
681
679
637
281
125
841
440
420
369
158
534
351
154
584
343
282
984
460
227
71
754
76
658
78
963
248
63
997
297
765
45
921
698
335
501
784
277
754
998
322
311
727
47
182
528
459
54
235
303
860
71
996
434
658
593
988
250
34
263
566
233
448
796
232
514
110
991
624
698
614
226
628
438
209
723
687
858
492
100
528
970
134
591
248
658
395
957
905
499
782
547
129
334
294
413
806
629
779
294
980
779
466
387
324
542
134
715
34
326
189
285
93
554
917
979
774
923
215
402
262
1
381
113
413
302
914
260
392
966
227
397
660
664
846
898
377
762
722
1
95
843
839
319
341
20
132
774
641
767
169
676
587
552
276
782
646
779
687
732
831
678
304
284
763
56
265
964
660
74
674
939
200
446
188
608
893
981
100
394
673
431
624
808
716
580
17
52
456
556
832
244
204
196
764
214
210
662
545
534
46
632
422
640
801
495
362
730
643
931
352
395
406
950
926
161
244
362
533
367
760
465
836
555
666
991
708
679
834
37
591
618
704
552
33
412
730
193
56
796
731
153
424
738
345
461
118
34
746
896
206
914
42
165
33
856
667
815
368
321
524
112
274
62
246
349
492
508
558
155
782
184
120
456
427
622
655
641
159
649
408
318
511
46
443
380
103
163
478
710
948
585
576
35
546
771
483
337
925
627
120
105
279
384
737
684
532
976
283
821
256
391
481
560
312
215
228
933
516
704
173
558
898
173
709
250
212
555
376
741
815
744
543
712
653
778
34
870
726
308
286
397
156
370
932
628
719
985
536
175
275
484
808
777
698
467
932
398
641
199
858
963
883
852
646
132
174
505
210
212
808
641
115
354
939
835
320
690
400
851
356
16
659
905
250
493
45
117
851
921
469
812
374
981
132
949
707
623
782
50
973
554
575
884
669
61
629
223
939
183
475
27
948
404
311
774
657
815
403
42
508
451
749
547
285
499
64
940
674
294
926
823
176
574
47
238
65
372
777
450
743
590
395
24
839
78
135
566
358
992
670
998
408
559
178
45
505
3
234
446
364
77
557
544
62
743
862
396
828
434
159
741
296
146
682
347
923
530
83
827
525
544
510
100
570
247
246
944
61
626
424
114
947
838
690
981
474
707
933
612
777
740
950
509
341
147
139
283
284
283
485
443
136
483
184
75
950
551
392
87
759
256
799
754
37
9
48
395
189
882
961
956
779
687
85
995
586
644
160
508
197
373
139
162
883
140
673
334
106
687
744
841
401
783
45
967
757
528
382
751
355
398
323
155
211
275
113
107
79
708
547
845
62
762
304
549
772
82
554
172
287
947
400
217
814
862
278
491
970
962
118
503
768
657
685
983
274
432
26
861
853
924
165
836
381
14
589
170
725
743
28
953
376
650
55
761
937
778
116
404
750
778
901
122
843
844
913
456
373
906
12
871
837
288
108
480
732
829
376
825
907
683
952
878
316
924
55
894
385
409
155
759
381
577
155
982
471
520
281
420
983
424
45
441
837
684
242
812
424
636
868
817
696
700
621
646
360
122
241
933
713
926
462
746
50
849
323
909
818
277
294
113
583
474
124
998
340
681
775
753
831
268
927
251
615
992
30
980
229
293
306
343
406
209
93
652
158
608
973
374
558
614
715
126
427
545
954
690
708
8
692
660
161
785
659
782
633
767
817
71
904
760
337
520
705
742
405
722
21
420
871
242
45
462
588
439
149
67
760
931
610
706
317
840
209
16
237
999
883
185
665
564
76
228
228
786
927
136
534
53
691
24
319
698
499
966
60
302
581
420
361
357
13
940
94
646
298
871
109
247
844
273
9
999
537
682
988
651
447
129
217
963
213
957
710
372
758
588
442
536
258
701
392
281
979
610
951
791
217
171
297
169
116
270
783
266
30
246
450
465
690
256
410
386
138
460
772
460
119
442
495
854
384
162
642
31
471
553
162
200
760
359
188
478
32
733
823
195
613
690
697
344
318
921
723
862
785
543
619
990
847
918
282
920
414
238
897
493
662
378
535
24
855
508
878
445
127
599
681
50
911
324
676
840
897
811
974
682
932
827
988
664
30
578
45
148
152
917
579
889
594
211
177
720
39
235
316
509
367
741
139
617
689
400
255
438
242
557
848
18
154
998
432
743
290
301
304
925
670
640
889
701
305
513
718
666
117
369
878
768
451
755
617
60
366
437
669
437
103
618
307
327
426
727
377
230
704
112
316
446
229
325
506
622
496
179
371
776
831
951
780
743
791
693
754
175
463
126
834
118
646
764
39
810
928
851
484
398
933
4
564
590
756
126
550
34
291
887
690
112
654
985
898
625
951
757
383
15
289
68
640
801
350
329
436
359
60
960
213
490
573
912
711
702
58
688
417
916
349
58
351
364
807
287
642
916
692
234
522
790
470
652
541
7
817
654
7
357
791
708
868
56
560
483
909
69
12
373
843
692
455
762
663
443
937
587
499
1
296
103
349
212
955
283
908
819
609
81
65
105
404
817
868
940
393
242
281
448
434
481
672
188
717
692
70
510
344
825
205
690
141
208
387
358
970
647
58
819
95
729
27
166
417
571
543
929
799
93
179
41
482
43
508
315
961
754
57
720
697
476
312
474
14
119
424
908
235
202
57
814
784
965
537
116
101
302
469
114
103
100
437
509
135
524
218
424
739
54
387
962
969
344
970
115
620
94
86
23
84
161
943
163
892
342
57
83
286
492
723
687
864
116
558
939
227
182
447
486
377
605
816
925
284
153
214
317
274
288
600
400
72
819
478
150
131
382
115
995
426
251
635
647
75
917
213
883
455
564
610
894
817
459
191
109
621
244
273
22
502
95
336
244
150
726
136
339
66
506
324
240
35
305
6
844
934
252
581
176
7
468
845
447
474
982
734
344
954
142
723
794
146
535
29
803
320
151
466
46
56
478
915
613
356
418
52
827
753
500
182
342
263
246
477
580
952
63
745
495
131
472
973
619
554
261
848
441
444
818
478
545
423
687
1
710
597
461
159
186
825
201
177
633
386
388
832
689
600
404
412
510
809
888
957
203
131
744
329
345
424
588
17
555
856
509
935
59
906
942
24
526
326
155
621
918
618
680
667
978
975
938
564
473
102
228
301
728
484
913
302
326
782
596
947
331
156
724
954
338
225
110
171
774
38
90
995
592
60
455
96
286
119
656
641
728
402
31
787
226
557
998
148
506
919
740
764
571
888
887
669
243
114
957
997
156
172
133
941
766
755
50
37
528
357
215
180
622
565
483
871
893
683
662
912
612
452
526
61
270
622
428
274
650
379
899
109
175
629
924
803
835
779
970
835
265
46
209
576
419
269
256
255
854
106
544
990
833
368
96
988
834
965
928
961
616
496
567
548
415
336
986
368
1
689
233
406
795
414
950
507
339
231
852
165
248
850
42
690
364
589
374
915
144
332
808
275
688
924
592
986
814
880
876
546
501
476
537
735
747
163
877
656
31
387
496
42
102
766
388
532
146
170
110
632
291
977
501
849
936
407
19
635
89
604
310
303
110
81
241
905
379
551
61
194
868
541
292
36
69
658
380
541
289
224
935
164
460
492
863
415
326
653
521
883
756
744
891
833
599
948
395
703
751
444
969
525
528
715
526
736
957
843
210
154
863
145
353
613
319
95
524
936
814
444
351
339
140
172
130
479
404
396
853
216
925
953
328
347
499
964
195
791
405
990
601
302
143
293
903
112
946
672
979
369
613
188
83
899
352
49
887
209
365
200
919
56
543
151
596
98
124
323
920
587
659
598
564
867
804
403
480
379
816
362
962
47
451
793
348
571
980
595
920
774
528
609
974
344
551
100
525
829
969
455
773
418
911
814
606
471
49
507
701
321
79
964
994
782
295
941
447
697
635
348
619
29
24
67
937
361
742
902
910
669
578
420
559
458
682
316
307
331
236
671
913
452
10
255
838
160
499
273
216
221
238
214
565
632
330
638
331
842
762
397
278
930
440
737
888
48
169
600
473
225
793
611
601
988
636
752
233
647
759
783
243
579
956
852
586
652
104
894
375
174
745
547
752
938
35
870
888
30
129
463
99
378
745
854
365
325
883
4
4
787
44
138
360
735
64
990
879
319
414
142
317
967
849
847
296
688
564
457
968
657
619
909
844
674
633
320
766
90
947
128
213
443
886
211
326
581
471
153
410
777
721
993
699
190
150
193
937
236
48
168
689
574
392
913
835
435
149
0
222
550
300
944
521
191
865
417
727
524
759
419
822
36
353
393
146
890
271
182
509
579
414
700
239
969
191
981
374
220
795
692
385
974
368
716
724
302
880
277
895
331
404
559
957
657
703
661
744
382
709
530
928
48
103
824
374
21
156
652
765
308
493
550
482
63
914
727
66
399
344
944
79
416
723
254
732
832
845
711
210
312
644
305
225
4
10
224
891
321
650
955
626
269
83
348
575
736
172
112
340
655
686
737
152
730
518
694
56
710
408
29
802
744
599
406
913
471
970
310
811
433
21
590
763
695
13
372
277
567
572
352
304
457
305
726
184
88
929
386
317
87
446
364
326
548
867
94
65
734
893
181
33
814
899
162
972
168
626
383
81
530
982
355
926
675
682
707
543
236
968
611
397
181
694
387
936
914
710
419
354
463
159
156
231
955
60
434
527
37
58
567
805
546
456
343
708
216
156
560
856
292
676
732
967
741
94
656
215
246
801
225
34
718
258
211
21
116
877
727
352
247
976
235
201
18
211
574
556
589
55
820
181
153
483
364
68
792
88
630
409
118
77
735
347
257
894
255
662
60
395
999
138
526
476
234
325
296
905
290
852
85
834
293
849
85
352
684
986
196
82
12
630
449
271
792
296
319
646
490
420
973
896
776
306
581
556
5
495
925
440
198
333
23
504
833
651
658
775
374
997
100
951
896
743
403
441
673
169
62
991
577
816
918
111
946
631
564
111
780
517
971
536
836
31
326
902
222
793
814
381
9
481
638
898
240
161
21
128
787
36
616
596
200
421
163
518
557
18
26
141
945
465
741
205
196
443
343
752
983
98
854
801
733
793
484
673
690
825
571
807
319
510
92
46
320
581
297
204
531
899
666
331
808
41
616
550
186
403
806
835
702
782
381
526
967
182
62
978
164
487
210
514
982
467
488
712
325
990
676
778
587
493
512
8
288
2
53
563
291
353
847
721
580
189
390
391
775
719
737
565
320
282
737
664
34
368
134
544
374
253
381
879
938
466
969
533
178
748
716
268
137
14
857
372
700
205
26
304
742
584
622
309
3
855
668
512
652
862
135
445
486
946
644
675
151
82
988
831
20
548
15
459
664
158
313
480
356
996
594
55
175
17
391
807
232
467
679
566
218
338
369
658
132
565
679
771
194
749
21
580
10
442
305
507
151
248
552
656
997
79
110
434
389
489
207
879
822
375
586
646
856
782
583
536
624
810
621
454
111
987
989
170
578
943
405
315
524
204
71
889
929
22
101
999
30
517
676
870
286
613
471
214
264
998
434
511
465
196
414
811
788
190
937
302
422
462
677
194
329
361
809
505
415
451
133
669
208
960
677
802
936
684
587
128
525
63
262
346
528
140
374
774
76
641
824
678
538
823
274
731
928
131
838
962
267
693
443
459
345
433
138
619
530
400
784
481
411
549
51
628
610
992
324
314
647
659
99
290
805
775
285
862
865
857
866
230
578
888
14
779
356
722
898
583
281
690
183
167
915
427
372
986
983
181
302
110
970
638
343
439
493
238
319
839
193
623
935
345
840
750
345
750
878
521
97
200
354
583
693
271
894
665
757
582
587
291
95
393
534
843
139
500
392
640
182
904
988
549
907
733
854
277
36
276
136
863
518
739
710
875
299
534
316
648
382
482
530
579
324
239
796
264
470
692
682
540
338
816
309
76
218
883
457
313
0
156
153
961
884
601
487
272
97
267
552
622
443
268
46
117
981
690
905
163
98
521
390
279
756
398
304
64
840
343
406
317
767
128
959
240
148
219
869
532
220
56
997
989
578
703
965
538
381
758
154
358
349
490
830
934
542
646
775
549
222
111
631
905
655
807
942
787
994
197
821
22
375
347
422
219
168
545
136
184
490
469
938
381
392
788
239
986
864
574
421
586
124
634
393
231
952
67
329
623
826
647
328
81
458
499
625
214
252
69
928
289
506
969
833
659
251
806
98
556
351
66
888
63
326
812
125
693
162
135
327
470
649
264
353
786
52
1
645
776
31
404
228
545
398
849
312
30
401
666
149
587
892
730
869
94
462
533
425
698
306
630
157
943
246
488
346
29
435
634
583
689
824
828
171
197
731
679
457
763
199
796
151
610
733
428
610
363
250
789
497
26
744
311
531
434
394
36
336
961
431
389
38
72
762
600
774
721
340
669
341
691
615
249
498
89
562
373
645
85
138
684
772
7
836
925
297
385
536
384
734
678
990
450
959
528
320
703
663
27
808
684
925
60
146
789
315
220
602
477
682
432
976
511
343
667
278
710
268
297
90
286
478
173
269
5
616
893
177
297
866
610
793
272
296
83
616
296
356
846
826
698
222
755
155
334
455
719
813
126
474
339
50
979
716
630
738
583
892
647
536
379
881
727
387
250
582
861
925
947
257
725
138
712
490
861
80
591
406
276
686
719
878
573
610
813
25
301
672
504
82
569
623
692
792
603
214
796
49
915
809
696
111
428
913
71
890
208
503
634
546
78
590
57
915
580
846
98
905
156
177
436
191
182
25
519
463
651
100
142
204
214
614
657
622
844
110
133
222
308
604
206
380
970
988
967
50
377
527
649
342
803
985
781
639
563
976
260
602
310
871
721
814
895
824
392
329
46
988
838
683
903
413
825
339
858
824
262
590
595
533
383
444
101
510
847
48
893
689
502
259
73
706
505
291
13
717
249
218
800
85
497
107
282
201
180
151
836
598
180
728
64
72
712
918
865
439
124
197
373
45
241
789
511
502
283
62
916
761
938
713
273
578
627
915
118
902
465
771
274
616
264
567
948
170
241
624
620
687
158
379
914
219
381
389
233
761
83
335
699
597
752
282
698
191
233
20
722
623
481
722
673
295
155
960
938
467
116
839
111
796
485
621
932
631
156
505
815
947
67
266
110
597
886
671
303
660
259
576
568
752
981
242
376
104
825
217
402
418
0
112
795
958
209
332
925
165
341
311
105
730
276
539
842
47
305
571
509
765
613
615
793
590
389
875
232
95
535
250
923
976
409
59
118
89
352
604
336
522
673
706
9
787
797
948
436
650
143
889
653
636
640
493
11
412
64
319
562
793
463
721
232
883
548
336
926
360
996
125
41
455
778
240
872
782
304
626
157
424
883
852
506
747
90
893
456
951
618
732
49
637
417
749
681
272
371
874
855
400
117
966
137
880
421
514
809
17
189
12
784
84
304
985
858
726
538
148
580
181
569
735
519
580
413
111
889
590
965
73
992
415
16
749
860
558
502
712
96
995
514
861
152
514
415
410
986
276
693
428
668
215
280
841
400
463
694
523
412
433
375
229
921
684
795
49
584
910
335
198
354
571
505
733
470
948
182
298
400
605
880
81
10
131
997
575
270
878
324
382
396
413
365
211
829
985
21
342
68
432
140
376
394
384
921
695
326
565
160
269
858
731
520
254
758
643
344
841
783
75
204
181
64
859
876
510
510
465
466
907
881
689
338
681
974
484
998
992
185
346
822
343
144
781
57
447
117
269
778
580
332
987
807
24
886
54
905
641
231
372
467
68
566
678
529
634
674
586
79
544
645
362
918
25
548
381
803
177
616
69
120
80
927
503
358
276
914
290
736
264
559
230
864
300
506
519
44
318
573
874
670
722
606
373
71
877
97
383
25
668
759
43
395
4
725
923
702
656
253
211
113
627
367
548
596
740
783
392
761
498
848
355
889
982
142
294
354
660
203
548
705
811
132
941
424
171
590
238
459
819
516
54
990
325
302
699
206
557
21
574
841
705
910
391
429
354
220
430
939
583
621
473
70
897
387
226
21
238
960
437
162
682
504
910
908
201
296
635
31
125
204
410
474
615
914
564
510
358
940
715
249
694
732
549
899
502
298
880
887
886
459
855
517
323
76
730
808
134
232
43
645
307
12
597
984
237
260
658
452
250
430
679
118
21
203
47
591
72
266
187
498
791
343
838
300
409
300
202
712
708
6
521
117
309
93
208
526
813
219
840
740
11
644
748
746
821
805
533
589
420
348
128
788
442
979
863
478
593
555
166
184
499
843
499
924
144
479
764
477
250
544
5
388
261
18
211
409
561
837
709
528
200
472
982
167
353
274
178
670
316
692
322
881
596
510
609
295
279
836
737
565
563
534
610
427
695
399
293
187
27
335
29
561
592
204
632
311
942
410
772
16
785
815
187
998
395
809
874
17
405
494
908
888
282
790
112
481
228
654
730
251
363
961
829
251
750
811
873
452
220
740
326
857
470
631
510
558
61
839
936
761
944
746
367
978
631
719
565
189
86
69
219
347
708
165
245
874
853
596
629
289
385
843
524
835
281
476
432
948
502
175
542
481
299
289
235
11
824
186
561
201
724
683
307
120
534
654
277
884
508
401
885
376
593
72
968
433
773
810
571
915
162
643
381
408
593
862
294
109
748
810
904
5
2
985
757
555
324
315
89
921
696
306
832
777
680
57
410
867
833
505
980
421
25
577
852
455
704
169
485
875
497
108
566
98
625
211
260
290
41
119
565
682
466
857
123
696
169
619
721
478
755
560
931
998
83
219
444
166
729
873
831
975
817
954
251
902
929
680
772
812
380
998
150
635
791
745
0
904
830
660
884
200
757
853
901
639
619
346
593
212
756
446
890
421
472
110
86
718
421
263
996
839
379
942
764
431
205
473
215
336
353
547
650
5
615
562
946
215
780
783
891
543
717
858
93
474
140
515
473
587
887
863
594
645
813
249
325
699
825
206
416
37
567
356
761
417
347
653
701
690
217
929
33
916
492
209
70
662
544
910
683
204
493
530
746
902
451
102
32
863
5
196
5
794
361
856
622
219
75
332
658
975
718
891
238
598
816
506
448
795
241
824
531
188
567
108
636
141
920
347
477
423
899
821
836
522
853
125
709
224
169
273
979
781
791
354
735
276
973
453
707
155
61
168
285
824
476
342
141
221
501
940
992
83
217
399
847
188
561
767
149
145
563
120
608
78
209
691
308
933
165
981
873
994
339
542
665
272
196
735
725
711
317
464
269
90
362
287
366
424
841
263
219
334
290
181
796
105
938
472
247
279
536
347
854
946
264
923
477
537
72
412
722
899
805
438
854
975
834
935
737
755
420
499
748
651
990
134
221
968
263
681
509
464
54
673
283
570
34
180
535
100
312
12
300
501
918
121
208
324
442
680
561
149
610
216
997
652
913
660
161
799
444
392
781
882
376
387
713
401
186
598
722
282
392
612
242
129
464
392
911
39
97
179
392
870
84
395
535
214
439
665
223
281
968
751
112
771
915
396
78
231
837
46
980
994
812
675
874
294
829
805
276
979
964
868
695
154
871
184
261
640
694
132
479
649
677
888
950
952
932
697
414
873
826
851
45
33
40
679
30
647
638
974
609
918
388
53
488
608
179
84
576
164
619
279
0
996
80
505
393
582
500
702
553
560
594
136
752
45
210
123
540
418
622
368
371
543
92
755
10
445
996
885
504
956
842
781
103
943
647
395
716
976
519
283
518
450
590
461
297
149
620
597
26
500
892
530
454
772
367
199
830
271
659
260
585
556
345
404
356
405
987
422
753
886
160
38
88
69
601
291
828
64
831
369
145
962
543
936
454
36
496
173
19
976
179
881
735
792
951
602
442
463
51
187
887
685
766
908
3
672
303
508
903
118
836
223
915
237
231
459
343
649
895
646
451
776
291
978
110
351
413
647
928
893
696
88
437
704
787
655
695
345
241
344
679
85
566
14
456
443
617
445
937
424
920
976
961
566
700
275
688
747
830
318
721
579
714
918
260
813
411
535
427
582
502
258
790
890
410
531
601
167
18
861
287
484
813
658
458
356
105
472
961
303
137
650
854
388
289
454
113
401
274
487
477
506
528
769
212
610
276
32
403
649
746
447
445
907
750
353
484
734
178
469
375
216
547
66
349
676
676
567
519
924
621
401
554
322
226
263
934
427
579
668
186
616
999
102
92
230
129
363
991
720
536
383
602
679
277
701
363
258
594
654
409
878
945
730
670
429
340
675
352
367
751
396
742
900
821
93
123
3
393
10
913
401
251
473
533
883
326
854
686
972
115
801
743
207
279
61
192
696
657
77
762
748
213
751
847
390
494
829
24
819
512
119
212
541
778
458
484
434
76
332
928
42
697
176
571
859
471
361
734
311
507
522
558
475
433
188
439
359
593
891
42
514
247
87
912
335
810
686
379
773
205
594
655
800
592
435
998
309
472
456
995
806
150
409
419
97
153
178
957
825
422
980
887
227
629
6
36
943
255
278
101
560
205
266
987
822
510
0
488
698
527
884
463
620
400
617
414
370
56
897
660
656
437
880
16
17
176
37
769
152
74
259
297
923
529
980
130
473
996
856
17
73
782
192
877
775
243
318
28
140
278
476
93
574
852
146
692
385
317
291
435
37
447
132
64
862
212
109
661
912
787
748
275
346
51
129
492
794
747
380
205
742
207
893
397
736
739
738
997
252
757
568
249
457
498
430
971
480
81
342
562
248
622
946
306
851
176
388
546
984
455
969
880
363
576
260
495
592
22
238
620
12
912
750
521
225
302
231
797
954
105
512
159
393
434
613
102
69
8
105
602
538
428
70
299
507
317
822
938
408
539
590
831
231
525
649
256
945
337
65
662
485
145
136
467
553
792
7
280
917
868
72
411
504
336
905
186
941
77
789
408
545
389
595
104
373
631
906
229
567
479
833
469
536
918
55
810
697
412
957
544
288
791
500
808
19
641
937
131
283
638
68
58
286
289
955
89
151
745
413
319
931
912
694
91
900
208
846
478
915
504
375
867
793
743
621
795
492
452
165
181
325
518
273
331
619
603
731
960
763
998
13
191
748
842
133
787
957
201
897
188
925
106
12
397
930
538
928
719
257
341
403
54
824
449
556
662
676
589
555
46
770
315
967
735
29
964
595
304
581
214
811
364
276
847
425
788
268
439
123
925
886
301
15
640
774
986
365
912
283
186
176
407
153
988
601
361
523
977
740
359
248
101
121
466
200
280
948
760
438
234
8
858
697
138
46
910
548
959
557
296
285
886
752
720
14
141
400
394
459
711
557
749
191
94
280
179
73
118
493
793
945
76
335
698
4
655
157
496
738
77
469
433
722
601
26
814
334
108
534
309
964
476
273
973
917
347
25
523
214
166
545
685
258
730
495
670
593
491
50
984
660
980
532
674
372
522
994
767
398
616
461
315
460
494
219
336
61
897
309
24
402
736
199
191
160
74
29
48
555
400
912
96
46
709
620
772
830
671
626
838
540
556
809
926
796
145
928
509
977
666
956
380
644
729
791
872
321
814
197
581
873
877
736
787
400
488
597
176
197
402
333
66
832
801
532
39
188
938
171
317
486
513
856
610
999
36
772
935
43
666
212
210
376
159
173
997
113
499
725
604
158
430
272
908
147
633
411
911
135
736
568
766
49
505
12
707
689
99
309
349
949
584
377
431
602
337
195
751
735
545
428
280
459
521
760
231
729
693
162
38
515
816
901
291
76
946
800
39
135
83
108
292
885
932
647
545
478
960
526
427
742
598
188
857
583
22
41
798
502
1
331
943
344
668
444
470
890
797
617
467
450
887
228
472
145
39
970
273
946
44
307
737
892
646
173
798
636
608
410
523
538
356
294
20
343
364
151
630
784
280
542
870
199
258
367
168
329
721
563
354
701
539
388
798
72
545
546
742
772
908
395
832
753
713
32
162
752
697
693
128
741
453
42
831
785
896
329
24
810
128
918
531
104
322
996
795
68
867
448
715
893
678
987
718
735
489
49
362
787
931
401
175
19
553
285
152
108
778
222
595
427
238
276
750
46
10
958
974
566
571
457
810
312
399
786
767
13
478
491
118
726
277
207
295
112
484
645
591
992
270
867
864
520
147
392
4
530
447
119
891
124
940
830
596
356
321
83
601
734
277
226
221
129
840
734
176
22
195
481
191
131
443
507
623
130
532
90
667
159
368
743
310
661
845
204
476
386
595
536
451
574
412
781
139
346
515
312
461
150
800
717
657
222
606
186
920
828
530
688
203
958
63
163
602
823
422
601
980
196
688
857
761
181
43
25
523
992
961
970
522
981
332
976
825
931
570
482
903
532
524
834
811
372
949
149
428
449
381
800
67
69
499
464
149
397
602
804
954
336
257
372
485
443
257
886
794
797
591
604
979
244
541
217
504
497
282
408
314
664
180
525
927
157
638
698
49
120
75
627
112
509
129
625
994
282
183
900
78
117
756
858
263
279
300
413
381
966
546
654
61
80
502
115
555
354
0
761
216
833
506
974
834
175
206
410
655
579
660
257
362
610
793
107
189
113
314
626
131
717
160
294
15
5
289
806
423
857
790
635
102
602
9
226
708
157
785
60
902
591
127
924
495
402
743
455
252
964
416
388
82
966
37
169
632
599
113
455
434
928
238
401
91
132
84
427
606
396
248
315
999
334
808
5
984
355
816
954
151
787
844
684
133
246
584
581
988
348
34
864
645
531
747
288
432
901
482
5
8
211
685
45
637
922
126
672
47
603
949
140
936
5
737
975
620
341
653
990
367
558
136
618
121
523
766
320
694
295
961
861
338
913
144
306
96
978
530
733
512
11
616
100
645
795
411
953
504
406
0
451
123
670
571
908
837
548
437
542
93
935
649
638
548
447
724
268
127
455
880
354
414
408
162
43
453
652
86
614
177
237
449
752
929
729
852
817
980
538
262
924
547
435
31
976
866
621
399
456
704
256
790
362
381
382
396
677
406
896
37
542
44
163
572
293
36
642
784
469
528
105
124
451
804
21
273
486
12
102
875
871
841
312
884
224
912
851
944
392
206
277
496
28
450
162
162
247
359
460
721
608
453
689
540
175
520
548
364
665
648
826
844
804
845
508
57
589
470
237
352
345
728
845
187
644
23
650
317
545
87
140
550
440
991
174
577
851
670
457
447
502
206
47
821
343
274
311
680
998
412
846
365
265
364
164
846
807
501
654
942
963
858
269
213
128
771
715
5
249
282
587
488
339
159
516
765
368
338
142
772
526
799
909
239
677
998
192
531
639
183
65
751
450
537
651
543
478
96
975
309
565
597
567
966
91
588
220
339
817
627
233
62
637
519
144
143
271
941
974
702
126
139
229
669
77
118
84
785
866
472
42
180
400
336
358
888
861
180
270
113
203
999
4
361
353
309
508
902
140
890
190
26
668
466
773
62
638
178
977
178
773
537
107
890
482
320
267
646
675
478
221
699
692
858
580
339
123
203
652
861
223
870
250
863
615
784
223
277
645
960
707
637
376
648
122
839
978
550
577
642
978
446
142
245
407
607
347
723
730
364
961
655
537
806
933
491
493
202
0
323
975
18
798
226
89
589
322
714
556
913
715
210
79
310
354
748
505
214
920
611
727
339
525
896
888
719
81
756
798
747
660
723
67
279
465
914
797
312
215
327
738
16
350
886
199
41
211
358
412
747
294
899
874
694
115
519
276
470
358
300
166
772
460
875
924
339
967
314
737
233
11
402
45
672
273
678
885
869
724
182
750
375
706
784
510
726
453
276
725
324
461
326
248
114
709
569
903
921
77
629
717
269
924
621
949
491
528
95
508
831
868
89
80
520
11
545
549
542
967
100
333
267
604
182
575
962
370
449
774
349
362
589
380
755
501
329
323
20
189
101
534
13
870
10
966
838
816
936
615
910
621
835
16
633
676
392
394
54
800
345
481
815
489
685
359
694
394
632
410
183
683
527
21
674
232
73
457
575
453
696
319
773
753
821
775
459
938
275
141
864
7
625
962
303
976
902
658
779
345
895
440
287
626
41
676
120
994
380
98
579
686
205
250
406
843
448
388
685
50
148
639
235
803
671
877
24
976
222
564
769
303
608
92
978
332
847
446
799
948
215
812
926
3
178
436
608
938
379
607
792
490
626
613
503
429
869
402
441
8
225
286
96
747
76
264
70
860
894
111
666
739
247
620
279
944
709
648
546
663
184
617
593
722
944
583
966
809
505
71
25
927
500
775
512
800
254
557
17
903
704
814
898
326
758
353
246
385
446
891
355
838
118
324
324
377
430
150
825
64
717
174
458
708
429
410
264
158
63
561
599
192
470
398
203
298
915
413
927
190
97
488
767
592
428
327
386
200
383
152
778
664
755
356
98
593
95
801
153
928
286
159
114
239
892
973
903
903
168
721
638
938
106
804
199
3
883
603
439
236
106
310
223
664
104
920
502
858
250
202
540
989
425
686
909
114
355
596
69
215
90
98
486
524
749
342
53
50
444
247
270
665
259
511
985
193
356
136
723
941
700
600
328
256
491
553
688
432
539
885
799
209
208
599
893
289
715
2
63
459
597
975
595
540
631
201
716
366
158
920
620
326
793
556
722
847
640
785
77
864
834
915
272
645
585
146
733
839
149
595
284
575
904
287
377
936
388
584
745
152
238
394
81
196
701
477
644
35
305
397
882
2
47
886
214
372
573
995
282
829
599
566
967
363
861
699
423
758
923
9
750
977
181
767
290
261
836
376
768
446
927
902
832
821
968
80
519
903
519
220
662
684
558
27
909
174
272
769
732
929
717
141
83
593
559
916
337
649
10
996
658
484
933
520
294
267
22
655
150
290
164
761
847
886
558
304
563
874
113
234
838
918
843
973
549
35
584
74
771
589
777
885
972
533
657
717
788
137
533
342
624
494
602
789
221
442
205
867
671
744
222
531
258
82
676
185
907
774
963
86
753
893
918
22
736
285
434
479
666
858
514
780
630
347
618
732
780
198
713
944
725
501
506
501
324
955
581
997
596
85
972
370
643
643
900
90
94
855
402
912
61
203
476
417
937
919
743
313
623
69
517
128
750
179
462
257
997
308
949
416
420
337
402
619
673
885
42
465
921
904
480
117
312
446
949
780
908
934
83
754
579
766
755
607
33
725
518
835
22
288
540
7
951
445
741
216
537
968
116
171
677
416
575
656
37
372
810
810
815
741
991
126
719
353
376
62
842
165
879
626
998
666
494
275
537
68
999
867
378
699
192
476
431
249
239
591
704
535
848
697
552
554
543
590
575
330
399
319
397
677
398
316
832
452
804
930
140
420
603
698
730
634
865
582
933
148
371
246
26
490
64
732
445
110
667
141
439
624
915
781
805
750
391
95
541
889
833
598
347
726
372
751
418
179
911
397
669
676
476
754
186
699
918
410
997
431
566
771
882
45
556
600
498
677
479
226
37
646
592
535
247
865
470
972
865
818
287
51
451
615
349
484
207
305
799
703
715
872
519
17
513
166
361
391
510
44
62
793
132
568
749
257
761
109
189
174
329
859
840
260
935
104
59
626
782
31
985
924
63
561
166
291
949
4
928
512
667
113
111
336
649
870
368
627
383
960
697
547
560
515
162
68
937
805
773
908
807
595
147
756
695
114
409
783
964
714
797
972
798
623
324
827
114
349
535
357
324
934
127
567
575
865
99
124
399
914
2
283
636
201
988
730
543
803
605
191
510
138
805
245
314
411
535
923
654
872
33
255
109
942
566
908
389
239
100
606
386
325
735
319
136
938
64
624
498
889
657
711
364
504
798
882
867
555
795
878
243
759
748
543
860
794
767
309
578
287
531
71
238
203
227
82
71
585
98
552
32
728
969
840
308
768
548
323
18
354
893
7
733
857
789
834
827
456
955
955
114
189
688
665
933
611
286
75
776
799
102
54
225
786
90
873
832
448
819
591
894
700
661
493
780
953
230
724
864
67
827
661
80
40
692
235
626
124
408
560
879
25
138
357
268
340
190
181
402
892
702
918
221
469
256
804
9
828
863
905
892
672
949
471
25
228
568
472
78
48
405
14
704
55
836
329
972
927
323
890
680
552
501
200
330
792
254
511
327
299
939
760
243
927
47
102
920
115
239
639
348
512
554
163
578
106
51
424
464
998
622
284
711
60
202
459
439
645
586
857
212
414
117
875
695
424
795
990
405
581
930
714
15
609
674
720
672
480
23
427
494
605
604
539
168
361
598
355
311
70
32
536
790
757
919
832
543
127
720
95
892
947
8
915
603
244
996
499
801
724
706
530
665
441
275
702
783
123
433
484
603
755
35
242
429
824
220
865
554
239
107
594
850
633
859
817
7
619
429
63
775
612
563
741
625
157
776
356
538
341
554
791
784
731
717
854
238
336
535
831
382
850
231
344
802
588
190
63
553
436
796
703
422
733
746
66
911
563
927
574
773
805
857
913
663
897
952
551
506
540
869
536
507
208
967
105
401
517
478
729
99
787
33
974
867
782
15
598
726
429
282
919
19
975
743
832
989
556
324
357
281
266
738
597
468
833
420
341
954
754
515
829
106
361
905
504
943
973
549
783
471
153
34
898
675
397
783
935
724
27
505
951
831
503
793
564
323
87
727
643
759
87
802
712
69
419
943
343
621
710
53
900
441
210
513
512
154
667
742
97
232
685
379
21
198
407
92
578
632
255
155
616
271
638
410
772
992
743
552
378
655
724
276
403
767
221
325
598
96
328
786
807
572
660
369
397
503
318
457
169
86
733
801
851
639
788
763
439
854
332
583
547
62
486
163
297
358
612
622
542
777
93
65
669
388
424
739
13
357
987
847
837
574
941
447
648
14
205
143
754
574
281
982
656
868
559
173
662
653
531
222
711
357
11
364
674
171
924
235
8
860
459
258
408
104
700
344
877
12
10
195
849
370
389
736
799
383
489
871
958
348
193
509
715
405
416
874
564
27
580
723
348
605
163
528
455
117
1
329
946
292
92
997
475
516
199
768
360
617
611
776
697
974
923
82
663
216
284
155
835
94
14
80
464
270
555
716
438
156
971
74
777
113
748
16
96
784
471
463
550
97
57
327
586
471
764
671
819
543
988
647
290
783
275
731
45
999
534
374
654
796
145
426
489
960
743
452
477
725
580
1
663
177
246
887
797
684
708
855
555
724
724
213
73
481
760
550
614
238
211
898
227
380
47
142
666
390
384
106
730
488
907
979
795
462
566
293
854
405
865
524
880
845
522
278
770
510
27
864
795
418
724
831
727
158
949
760
332
718
201
103
249
549
815
50
758
439
991
894
585
52
296
221
339
664
948
771
861
891
994
892
356
328
482
22
726
201
119
648
914
759
481
327
276
557
567
411
852
57
394
457
502
127
0
120
90
594
165
418
47
131
820
862
682
472
283
247
207
577
947
251
377
475
706
988
709
611
274
408
637
958
900
903
986
819
313
683
33
144
744
156
732
576
657
207
152
892
432
593
114
478
49
939
850
764
981
780
497
224
569
21
7
582
786
602
993
38
147
525
388
372
607
687
469
875
460
222
768
385
400
289
754
354
179
728
605
745
365
599
455
447
538
943
129
856
94
790
596
860
384
314
952
285
446
907
982
867
161
131
859
593
392
484
943
126
416
574
686
775
902
328
223
98
865
625
113
790
895
191
455
213
940
704
868
273
380
551
663
230
516
907
214
410
813
472
756
467
764
800
15
656
550
882
930
627
424
635
127
761
937
581
371
992
248
728
99
421
49
401
561
300
833
453
287
987
527
835
255
540
663
166
605
223
24
340
814
227
768
807
764
446
187
303
290
34
523
818
292
173
88
962
790
569
82
7
945
922
969
202
154
891
380
763
664
856
524
335
513
241
350
894
843
185
721
298
419
90
378
773
729
599
797
164
637
943
612
182
502
844
916
328
838
930
652
347
102
867
357
646
504
678
525
724
537
570
681
137
782
170
506
663
87
626
857
448
269
271
370
334
437
14
853
116
324
636
380
668
348
399
889
549
617
885
966
118
164
110
776
849
647
971
597
646
626
702
522
500
476
299
61
959
442
287
973
167
393
588
806
619
46
263
642
42
21
293
508
673
511
928
495
95
787
977
931
278
836
277
28
382
42
708
35
283
560
638
879
654
676
415
259
584
311
37
539
799
463
925
251
616
232
355
647
762
790
378
836
865
950
911
126
300
203
17
649
393
759
924
550
555
987
273
52
463
559
980
297
726
454
867
529
546
140
375
142
846
649
181
44
427
89
800
666
91
489
299
421
647
282
435
656
863
839
227
121
627
337
902
639
317
294
715
135
903
162
774
239
998
79
104
794
908
599
465
184
175
721
130
167
359
749
917
106
282
772
372
653
173
220
825
766
332
503
816
620
275
492
661
498
167
782
570
594
42
830
458
307
73
662
390
988
604
42
16
582
89
940
796
778
343
414
73
756
977
648
727
143
897
774
311
258
83
334
255
263
901
287
784
322
793
506
480
623
318
407
553
718
557
30
937
218
884
212
184
420
906
955
43
412
734
285
887
13
218
156
238
926
507
514
957
141
156
367
314
169
105
686
406
333
710
837
376
533
679
633
846
252
504
454
329
789
49
168
929
364
460
91
0
361
978
689
151
247
770
307
138
745
47
44
406
684
551
466
885
131
109
411
609
616
853
268
428
416
624
738
684
440
808
336
437
54
325
519
398
733
30
263
40
819
852
33
585
52
526
910
546
477
726
319
761
683
489
146
382
745
990
114
855
749
72
569
863
510
312
383
263
211
779
43
78
173
897
149
185
418
359
941
904
904
697
659
151
954
389
564
716
258
480
970
34
941
996
672
596
586
648
709
133
368
862
989
652
102
778
723
235
519
185
968
685
977
842
14
415
387
949
931
35
444
974
90
148
539
158
943
893
603
652
98
226
926
4
638
518
387
464
239
952
178
889
875
692
437
702
930
550
408
571
255
493
156
199
539
382
794
689
202
87
219
493
398
972
564
575
146
798
40
857
598
23
296
55
989
611
509
511
175
114
209
118
513
890
938
997
434
854
519
822
916
628
999
899
502
507
619
618
496
531
20
204
168
90
288
972
189
292
346
860
53
11
946
867
914
964
811
443
510
208
18
108
513
544
329
766
821
524
187
719
773
776
936
816
955
805
942
416
898
818
229
939
33
329
901
135
293
312
193
766
263
875
945
556
154
594
758
359
178
648
897
241
708
644
859
585
940
722
183
896
485
341
443
841
705
591
863
460
312
209
433
9
470
267
473
471
955
150
233
467
720
79
135
25
443
42
18
383
645
837
241
52
779
814
125
26
432
944
5
348
359
880
309
582
879
186
213
523
415
71
600
568
773
733
460
141
252
34
595
33
596
627
688
125
623
830
109
134
483
481
757
147
5
765
611
58
898
435
467
488
835
594
504
771
736
982
8
775
969
250
272
468
854
802
295
618
613
570
221
255
346
944
51
732
831
337
432
175
931
100
551
128
549
689
490
121
824
566
341
790
87
799
757
110
371
863
344
894
521
870
625
655
572
665
434
297
373
743
665
506
556
462
127
91
724
624
134
776
415
177
969
793
258
456
607
213
634
540
547
447
392
21
269
142
318
40
786
531
386
883
961
35
181
259
250
999
74
454
147
594
649
346
598
461
292
739
16
334
522
156
117
611
421
767
523
806
802
162
147
723
102
665
869
38
786
528
273
636
264
416
171
515
650
161
725
632
156
577
14
227
167
810
773
569
12
746
337
919
754
18
409
567
280
650
399
17
939
776
251
429
935
656
316
525
426
474
421
799
350
196
495
754
307
474
466
128
518
596
607
892
609
204
533
262
524
481
162
270
239
651
714
512
612
756
429
166
274
839
497
327
592
629
333
434
719
441
12
949
88
113
832
35
110
812
781
730
573
369
418
582
378
653
109
782
7
966
420
439
871
239
535
145
52
511
323
650
598
648
747
616
126
651
503
580
573
699
838
26
718
710
744
556
619
650
641
807
387
927
819
913
579
94
816
256
733
801
600
833
356
763
163
48
634
364
863
206
466
3
483
829
782
812
751
149
40
713
865
75
144
769
189
913
857
71
899
656
61
863
462
401
269
822
754
798
420
98
135
174
972
156
308
584
306
185
418
875
169
808
42
685
166
637
912
412
228
332
763
553
810
958
246
367
314
121
152
906
599
366
161
430
333
151
756
165
432
801
22
590
738
305
323
148
905
762
427
897
129
514
442
471
757
507
945
37
734
915
203
334
371
611
944
630
766
320
934
932
145
784
802
184
62
593
813
582
201
588
182
556
909
959
604
743
39
6
910
553
938
672
615
528
859
135
794
465
495
254
339
115
596
736
255
760
423
261
214
803
713
385
514
34
405
415
893
44
576
642
706
232
244
406
400
345
963
619
481
848
898
137
490
438
588
77
350
80
838
978
206
379
338
412
229
678
29
173
927
451
932
525
272
976
673
198
68
873
106
764
856
221
325
329
663
982
823
801
638
270
500
842
332
548
21
607
665
489
959
93
731
295
370
905
426
761
344
906
492
204
732
635
103
521
95
785
725
749
918
272
800
516
201
402
239
939
59
906
784
12
933
737
783
696
63
41
614
853
282
27
496
372
814
977
322
833
636
439
845
771
69
494
383
350
602
360
406
334
110
792
744
980
82
762
413
136
611
530
295
381
734
846
506
869
142
789
871
753
137
587
679
605
558
913
600
140
229
404
997
783
950
145
908
625
957
606
924
404
836
545
29
585
564
958
12
446
920
367
838
210
52
422
62
576
677
192
929
253
897
154
670
993
789
18
54
16
256
685
562
463
748
198
19
884
369
204
395
558
510
493
401
251
778
661
405
654
79
327
701
528
321
728
841
130
351
369
733
998
858
808
910
824
948
377
992
122
777
306
6
119
638
329
568
762
813
366
645
25
386
962
801
326
148
403
655
714
802
555
512
541
302
661
181
742
16
753
252
148
4
777
361
360
378
553
735
166
709
650
215
504
684
104
673
970
468
18
166
771
626
199
361
886
676
151
919
315
106
859
208
254
231
11
330
590
147
472
912
554
253
263
744
84
599
768
899
444
395
664
26
493
631
420
207
431
562
787
971
182
1
382
285
540
701
912
676
142
764
996
111
613
530
330
365
795
795
954
690
862
593
386
170
437
977
212
651
496
182
234
718
409
40
91
677
313
713
482
289
360
546
44
519
509
377
694
105
46
22
684
194
321
188
501
29
909
474
557
827
332
541
127
798
76
897
418
736
888
849
39
959
747
928
333
973
3
219
289
4
400
353
63
654
140
703
34
500
704
224
590
958
519
224
108
95
646
990
905
969
978
605
958
988
770
616
682
715
755
655
499
343
104
720
279
716
259
786
618
430
579
452
652
10
747
458
815
430
722
587
365
813
949
265
147
297
291
497
364
383
284
33
652
766
713
738
320
898
675
775
871
667
942
954
555
89
972
771
130
594
906
118
760
70
209
392
202
6
492
325
622
856
115
130
128
819
377
722
856
202
58
342
668
449
590
798
691
847
637
354
104
54
667
647
517
151
912
759
540
445
919
318
683
949
1
963
916
735
74
742
2
482
812
77
564
68
667
963
562
315
438
368
365
52
749
434
252
230
656
507
33
213
340
121
586
217
227
369
609
786
846
214
499
572
951
177
748
494
893
89
184
97
706
580
878
333
3
806
45
629
459
86
529
698
360
106
936
302
807
670
571
261
829
759
57
610
16
130
181
375
990
456
855
40
125
163
787
318
529
975
612
640
643
518
926
195
84
100
413
346
928
977
687
659
972
915
885
70
925
710
650
771
926
390
254
911
662
208
536
54
407
899
593
227
616
71
136
169
805
854
469
638
70
676
47
30
40
351
685
573
664
481
193
704
357
902
958
28
571
807
738
282
507
944
923
494
194
882
177
78
545
288
61
390
164
41
195
255
539
647
430
963
556
233
338
575
176
741
77
703
357
264
170
664
452
275
29
796
842
58
332
428
665
793
968
333
193
231
567
694
400
67
665
260
763
352
788
572
161
289
43
983
433
332
995
794
205
440
8
376
474
167
338
293
885
329
625
696
385
816
987
774
271
521
152
192
388
425
925
919
330
642
491
964
992
160
70
107
712
359
332
526
586
962
243
649
48
387
106
859
740
5
695
757
82
687
451
777
595
984
222
861
378
448
235
226
440
278
127
178
458
439
843
127
742
340
560
185
155
491
744
945
361
345
465
951
26
702
371
917
124
593
995
304
640
950
363
257
745
28
259
102
760
371
749
822
439
6
36
310
709
312
628
227
256
598
249
565
965
696
572
77
901
84
903
527
674
299
646
521
847
988
367
855
517
937
221
976
214
175
315
634
898
359
260
431
842
619
912
663
989
25
894
265
410
775
107
630
558
251
404
333
608
42
341
785
709
119
571
128
720
70
38
51
280
14
286
936
366
296
26
753
269
834
23
766
930
731
647
390
327
837
315
208
707
786
239
874
610
393
902
490
678
739
179
865
606
796
639
536
752
675
850
488
614
211
744
322
390
81
214
986
851
100
954
834
112
195
295
426
510
366
854
192
144
117
165
846
72
771
178
698
167
621
955
330
895
265
807
693
581
663
501
99
683
588
878
718
424
509
111
499
704
793
670
872
519
77
452
746
321
967
409
547
128
206
510
619
176
432
909
193
173
766
15
873
946
125
561
357
520
866
257
921
378
166
501
743
630
248
586
909
466
935
864
670
894
345
517
69
862
870
102
519
366
560
86
900
695
507
458
990
81
668
242
587
417
136
209
610
916
501
67
788
747
91
314
772
999
863
391
220
727
241
735
307
44
405
824
5
425
402
279
975
741
713
994
523
263
1
302
632
648
823
217
843
850
287
978
921
560
2
225
151
733
793
560
467
513
111
784
686
505
613
37
491
503
358
53
713
78
348
639
416
816
947
966
840
144
294
907
80
77
917
830
590
890
566
253
98
277
864
575
84
755
25
3
568
46
30
553
187
511
718
573
307
648
833
899
729
960
84
697
645
512
431
904
293
390
892
763
2
948
600
867
404
442
954
346
47
742
70
608
438
70
517
856
753
532
814
641
151
985
615
952
581
968
278
197
233
980
371
743
207
84
350
9
600
589
826
521
954
742
345
936
840
255
311
539
877
675
268
431
458
220
75
544
148
237
973
864
995
576
747
160
397
917
104
150
88
861
257
63
187
200
992
550
486
127
369
531
150
874
183
405
672
55
911
121
111
489
718
959
762
166
675
876
598
67
332
185
226
770
499
527
15
598
855
371
177
556
345
599
737
141
859
48
316
414
328
849
577
507
738
247
135
84
139
590
367
809
4
338
564
811
335
814
674
776
936
722
988
230
284
665
376
189
278
681
591
359
670
472
545
715
384
263
103
196
87
871
380
470
496
240
421
772
23
904
835
234
774
791
0
314
596
804
805
29
729
339
382
976
693
47
770
938
103
436
715
285
273
236
830
199
738
563
184
547
904
207
829
35
645
591
223
794
191
902
266
422
553
275
970
914
124
817
152
638
922
629
329
629
370
549
137
204
581
75
321
228
680
211
146
906
753
986
579
1
457
901
53
42
433
961
962
516
276
775
510
67
624
15
976
927
116
733
888
347
144
564
895
549
997
423
456
850
947
458
819
32
692
661
804
852
767
335
324
720
637
845
614
125
794
699
525
871
148
799
330
360
734
62
638
162
415
694
264
404
472
824
861
455
622
536
918
984
323
710
685
231
193
939
554
898
100
558
90
900
546
189
752
954
811
850
698
959
752
159
806
542
235
323
712
298
206
945
714
129
659
678
732
301
389
82
226
229
208
308
321
240
880
47
221
496
405
888
390
757
744
750
825
96
157
908
806
738
681
675
677
299
446
57
900
39
557
75
700
86
173
157
231
5
691
586
758
87
484
793
613
532
184
767
236
223
919
929
282
444
438
376
227
549
339
526
721
115
661
530
797
116
716
948
243
426
430
777
764
723
549
909
443
23
974
950
688
145
648
235
569
237
161
803
208
189
224
703
468
424
729
360
310
432
101
655
198
677
309
384
777
363
497
68
759
954
250
83
168
134
233
454
734
192
69
202
792
493
114
823
102
253
44
213
97
653
204
455
797
318
732
964
721
62
896
805
156
298
828
240
270
131
66
270
229
281
236
767
705
591
44
845
55
112
651
640
674
360
31
378
903
894
462
879
658
103
299
73
532
436
244
514
715
206
235
159
505
531
232
805
595
895
6
795
227
774
669
179
230
266
437
822
873
738
668
240
133
682
698
844
934
390
204
968
74
759
30
927
409
668
294
144
367
992
852
668
844
839
861
394
717
286
228
318
342
883
432
876
501
621
604
581
547
370
307
675
807
563
522
918
284
51
292
395
624
183
739
43
574
721
71
545
123
588
318
958
143
175
871
104
609
9
339
939
463
965
769
992
463
359
443
960
785
993
80
875
844
6
196
240
671
990
528
586
81
952
945
390
885
565
48
667
266
525
253
703
457
909
832
187
145
30
372
325
239
606
108
852
901
521
539
630
739
855
177
628
694
201
303
281
425
843
741
381
211
938
235
532
448
621
948
779
351
846
442
671
143
299
549
404
108
159
167
285
486
194
695
568
121
911
362
273
931
310
732
142
27
931
100
91
860
347
868
569
453
548
528
954
36
169
284
126
266
757
557
829
539
62
562
432
455
494
319
455
977
734
801
37
909
580
483
442
712
684
122
438
608
78
300
311
886
436
962
101
976
843
951
849
260
408
335
608
188
994
386
565
408
766
537
391
677
599
165
275
44
3
94
775
777
722
65
531
728
641
213
801
693
376
909
237
824
696
291
557
104
806
853
915
720
816
656
631
328
769
49
153
879
416
435
956
389
992
335
842
718
740
872
421
3
646
536
267
81
326
384
918
686
327
584
162
507
744
799
973
500
924
223
149
348
735
987
875
139
746
295
663
658
355
735
398
104
62
428
949
455
325
367
89
459
508
897
374
861
99
303
167
873
112
906
165
498
293
850
183
973
242
62
56
678
58
271
650
651
759
84
11
559
236
27
475
379
946
393
884
489
648
39
520
794
2
691
240
216
514
55
854
194
685
149
447
718
11
993
895
840
138
138
160
615
643
435
739
75
188
108
966
215
66
19
778
156
846
613
281
373
207
325
82
725
440
749
13
209
196
487
343
777
556
769
393
476
492
451
474
604
4
318
44
150
212
625
224
907
314
860
959
333
751
241
886
689
964
631
866
673
725
467
178
824
53
776
38
905
272
367
145
207
701
87
371
444
712
67
229
503
241
932
461
129
482
123
722
594
322
504
402
34
752
436
385
765
672
495
360
841
19
477
232
502
534
362
848
998
618
335
156
596
941
312
228
932
253
926
981
169
990
438
717
77
722
993
993
790
290
161
585
333
272
683
549
800
770
905
422
211
514
918
78
888
591
471
666
552
158
171
992
945
18
428
331
430
716
197
967
750
297
482
378
525
703
739
359
643
308
117
611
860
712
528
172
140
605
460
7
493
157
860
199
731
47
29
639
837
68
638
106
793
83
232
851
635
534
449
608
217
974
819
50
189
517
333
441
283
104
63
482
501
693
58
79
676
67
9
95
162
639
550
873
368
783
597
709
890
341
113
879
784
374
976
402
83
715
463
478
778
241
973
365
87
794
686
738
724
501
148
315
220
575
151
44
814
888
96
321
981
975
179
776
545
471
998
334
101
908
32
671
849
628
407
724
300
153
612
330
423
676
420
127
137
843
909
252
863
558
736
140
804
622
830
817
869
573
580
370
336
81
32
121
226
421
524
141
657
737
505
974
598
258
844
632
59
436
855
948
291
571
324
894
927
232
65
479
597
900
719
386
357
72
258
200
878
131
591
931
116
878
276
728
671
829
723
161
951
875
700
47
494
60
762
706
851
629
953
417
948
604
226
137
644
822
910
350
853
904
667
679
260
845
564
124
364
694
681
348
329
223
837
2
229
230
489
104
799
773
225
838
85
180
258
139
533
564
189
392
776
450
594
192
851
620
154
507
825
890
280
885
612
953
376
796
357
784
906
535
302
526
550
109
699
189
142
583
981
928
802
831
541
92
317
666
184
310
273
477
460
750
405
937
650
902
424
881
465
509
566
977
761
989
335
445
115
475
143
209
797
707
515
506
653
658
397
715
105
190
874
60
276
207
999
517
618
393
531
423
366
207
891
618
639
877
595
497
251
524
963
19
875
881
404
798
882
188
609
416
331
193
676
750
85
461
223
323
538
728
419
485
794
928
724
613
380
27
547
990
936
150
716
146
260
489
647
693
320
800
732
723
18
367
681
309
160
147
620
582
427
766
441
112
342
801
0
839
955
849
732
198
118
785
357
224
562
834
193
58
115
417
374
132
728
780
782
794
165
899
864
419
126
138
981
806
597
64
381
340
532
164
312
50
494
269
979
576
924
678
597
186
473
905
21
763
515
200
82
783
44
98
805
303
406
169
669
732
256
122
468
988
763
107
687
452
47
192
22
761
130
338
588
490
459
245
170
154
412
478
763
217
136
340
483
321
881
540
440
740
590
122
431
200
930
7
461
480
199
395
203
603
500
486
121
746
717
5
828
76
416
363
652
394
853
670
89
615
431
274
792
924
372
121
76
369
204
648
938
100
626
280
60
328
107
954
49
563
44
781
402
777
219
736
694
241
377
266
994
233
810
78
322
897
223
744
550
238
775
704
529
327
539
419
46
923
729
500
746
782
149
422
600
123
249
302
364
446
223
766
561
958
647
749
450
843
837
446
693
256
820
125
427
149
500
853
883
280
429
614
431
48
305
765
891
510
530
416
413
786
523
676
324
154
657
424
752
747
838
601
454
951
880
54
345
898
818
662
250
73
905
73
605
606
491
528
396
339
911
302
495
219
116
610
787
816
851
289
242
485
203
901
989
11
690
284
702
241
116
898
659
376
707
583
492
259
542
604
658
134
920
651
772
416
740
609
591
675
465
269
636
722
564
31
257
362
650
643
202
674
655
63
34
4
284
392
908
122
24
877
834
257
203
827
468
76
822
421
597
80
511
948
557
37
44
715
910
189
648
174
930
569
422
752
763
198
592
382
844
333
642
889
294
787
941
500
756
994
801
421
783
597
274
687
847
790
744
173
630
1
877
370
584
565
237
762
726
557
666
557
703
850
885
703
711
94
191
301
494
750
523
676
560
595
370
859
807
458
250
87
719
397
707
603
944
814
887
458
130
694
786
477
534
486
937
346
763
275
819
563
280
395
859
278
209
391
681
383
735
65
43
24
452
764
999
44
832
38
8
967
782
956
165
104
206
254
204
213
36
364
43
677
770
884
602
988
436
55
937
791
972
417
478
563
225
759
516
623
49
23
737
494
712
780
823
376
420
910
770
94
219
170
284
803
831
120
540
731
313
632
669
146
441
758
338
927
394
984
340
898
503
158
83
232
908
986
983
349
627
281
386
89
881
105
153
712
417
150
386
764
858
983
246
866
240
761
167
722
582
184
490
908
667
177
277
315
154
500
391
788
282
419
575
82
834
728
72
69
315
485
50
820
645
572
140
40
74
226
277
883
979
729
596
310
298
770
190
60
689
139
369
330
111
496
667
688
52
3
120
245
665
714
370
297
488
61
395
952
517
947
871
231
538
751
685
986
394
153
242
359
853
786
778
865
763
513
738
214
157
754
50
505
432
56
54
927
859
446
483
524
999
555
748
572
442
295
226
962
605
981
230
535
486
546
265
547
588
291
374
289
983
513
734
157
99
524
827
688
286
875
422
568
768
625
98
568
912
994
669
887
669
784
720
80
401
365
517
216
505
513
498
768
258
875
169
909
591
276
652
68
585
96
104
150
696
581
165
115
62
612
200
355
696
198
63
750
423
662
324
95
747
682
247
447
970
180
728
295
470
245
603
83
261
353
92
190
809
866
299
273
673
617
166
499
754
534
627
834
243
886
129
185
29
258
78
790
860
822
107
906
343
306
676
384
580
987
783
841
909
745
903
177
359
969
548
161
78
8
321
434
871
969
915
297
486
460
763
835
157
537
856
638
479
742
280
821
525
166
386
581
771
547
95
963
761
174
33
296
104
693
197
648
800
18
388
828
442
810
174
207
941
286
494
214
13
183
855
566
374
221
119
826
948
110
867
111
872
719
192
854
555
399
576
922
531
828
537
377
992
562
621
186
628
161
83
785
758
281
897
876
679
471
746
857
755
934
23
285
681
847
718
903
961
897
140
954
760
610
384
219
262
718
35
985
960
975
691
524
799
113
612
461
345
163
609
378
221
571
519
35
660
347
510
46
828
798
52
794
11
229
398
822
354
383
40
518
802
252
904
25
14
592
39
385
752
103
305
66
414
547
388
341
359
556
626
675
801
240
0
570
685
58
59
979
426
460
722
814
461
437
229
66
277
790
420
536
482
297
298
765
37
681
494
662
70
275
691
379
184
886
522
185
108
893
379
625
564
74
111
194
890
862
819
339
663
376
575
332
340
859
323
205
116
338
243
462
473
104
143
311
522
648
213
167
961
48
41
652
692
66
345
253
680
168
595
2
71
650
729
828
741
135
234
515
743
456
674
726
371
848
637
753
780
717
97
939
75
983
926
349
772
388
746
270
769
700
941
718
317
34
963
150
898
407
502
193
952
338
767
952
293
878
225
717
917
838
160
550
3
392
448
618
584
432
33
993
0
253
419
784
937
12
883
913
776
182
258
617
546
821
873
380
202
612
690
932
737
324
158
161
905
190
905
969
752
80
259
663
16
997
756
527
691
320
689
672
728
136
550
794
901
428
437
701
904
688
70
980
234
466
32
640
866
274
846
923
942
148
142
540
694
411
739
128
78
661
500
45
873
234
224
113
566
610
895
375
809
164
104
565
583
895
729
351
886
857
803
385
435
801
305
870
448
145
438
239
464
353
982
910
518
11
30
601
877
213
654
293
415
805
541
837
885
435
835
826
161
40
371
444
804
632
334
421
892
686
288
480
809
345
153
257
794
246
898
378
864
84
6
36
532
476
702
656
362
251
919
325
158
276
224
935
370
332
474
754
686
123
963
939
524
707
774
848
925
922
685
722
318
606
126
632
608
789
196
661
473
192
385
984
822
554
873
109
617
993
116
792
431
848
543
627
719
172
692
570
297
122
48
789
69
366
898
247
172
675
300
598
777
533
654
4
641
211
757
505
578
797
974
917
697
70
150
24
914
455
698
86
327
950
166
72
960
254
647
282
121
645
918
353
942
699
856
826
921
959
953
138
662
773
325
178
178
114
943
408
819
244
828
633
933
626
923
23
548
593
305
66
497
134
28
366
295
335
715
12
270
879
246
699
493
14
837
91
36
103
195
828
543
634
898
33
365
482
247
486
786
262
590
425
532
955
266
778
788
96
448
783
825
516
939
44
538
936
519
361
204
20
853
904
408
360
234
996
792
928
873
638
139
212
165
500
710
14
932
711
912
124
767
879
777
241
496
683
71
334
869
344
291
448
816
425
932
405
133
248
751
220
567
88
370
995
387
661
815
992
664
792
137
366
971
366
75
417
508
629
819
331
825
596
475
537
962
99
435
804
480
108
883
803
486
526
724
103
561
435
465
662
52
710
352
729
957
342
536
262
952
691
177
422
423
434
405
797
240
721
979
331
245
26
23
817
498
781
378
932
863
887
137
263
344
194
662
295
506
792
32
473
359
437
889
319
7
673
916
481
415
174
622
885
856
283
87
831
91
214
28
969
852
482
972
929
290
362
264
695
939
525
650
674
641
71
568
198
894
424
707
946
114
902
340
974
739
400
856
838
420
82
454
298
698
70
113
491
929
912
34
781
458
463
556
588
602
97
980
905
375
918
889
146
552
733
297
421
558
110
731
275
465
420
825
825
801
357
977
69
413
813
543
184
994
792
43
381
717
146
28
131
869
229
83
48
362
832
449
294
576
10
27
965
912
580
882
816
882
911
221
782
602
575
279
870
755
999
305
197
512
931
994
889
99
808
27
511
557
572
953
353
601
52
752
151
701
571
192
387
443
264
677
501
921
65
157
749
314
486
26
5
953
142
603
518
615
358
259
818
904
577
210
550
82
820
99
631
264
381
385
853
476
593
190
616
925
182
80
323
483
18
407
484
826
288
520
644
747
411
635
381
282
190
366
10
730
87
724
45
355
874
803
204
364
934
800
219
123
396
244
741
30
847
61
516
632
125
368
280
56
400
406
11
987
472
320
533
467
134
981
223
717
352
818
978
334
306
355
22
331
364
30
23
847
223
254
879
375
477
790
552
632
875
321
280
846
418
506
781
210
170
289
596
336
395
237
986
850
842
800
855
271
354
921
511
967
769
118
634
188
429
321
215
673
150
147
585
701
902
185
639
202
375
741
683
851
559
902
398
357
34
481
909
532
936
740
968
257
121
820
428
374
353
836
158
895
762
926
673
528
623
403
180
782
229
840
1
357
271
819
267
436
979
698
702
290
760
809
814
969
947
400
614
924
830
986
930
560
950
913
827
622
122
595
468
275
167
675
458
157
816
744
174
63
592
60
291
868
226
43
344
286
956
565
657
300
876
806
266
18
789
399
407
640
739
420
520
995
103
414
225
174
213
385
475
866
463
612
116
989
161
293
505
13
691
801
701
425
606
167
780
453
132
146
339
437
208
957
576
435
843
262
891
892
717
716
923
470
645
465
772
385
993
528
864
220
928
886
352
529
78
967
250
899
16
101
915
338
751
827
575
345
126
369
661
904
145
589
428
35
768
59
116
584
596
198
767
571
269
369
441
471
613
459
757
255
882
260
282
85
702
164
933
598
920
182
892
319
462
642
62
567
252
431
509
249
320
285
767
80
313
774
254
607
220
304
458
929
187
470
38
176
497
59
638
135
48
523
915
32
979
524
436
431
357
214
812
539
629
177
410
164
527
202
916
128
92
109
270
892
107
604
341
461
606
58
540
959
647
809
364
456
205
794
976
662
641
944
364
130
402
30
328
476
660
169
821
863
232
734
586
134
407
666
406
366
84
649
125
441
801
451
56
301
629
856
562
597
756
496
951
596
884
354
212
860
561
427
229
209
894
592
758
665
892
31
500
470
163
249
348
67
942
481
437
577
473
685
228
392
14
200
480
493
687
60
438
139
367
90
518
506
350
900
360
295
178
914
403
992
33
813
205
259
130
155
906
561
19
900
29
750
944
107
261
735
157
448
371
862
427
452
142
591
311
879
652
143
497
913
414
219
122
637
526
924
491
633
457
126
284
706
381
641
265
720
344
902
0
830
40
496
648
695
406
608
484
845
970
918
164
579
818
835
275
735
238
5
431
91
78
494
743
523
534
116
489
599
570
126
905
902
634
450
416
534
290
634
434
347
953
909
472
866
165
152
450
168
835
252
294
65
837
868
692
540
291
621
239
415
484
141
735
809
474
146
771
891
633
106
132
97
346
49
613
839
623
585
407
509
907
659
551
588
207
658
591
472
980
29
624
422
345
950
974
585
248
71
192
958
916
727
217
15
758
210
257
456
440
625
131
941
564
775
944
635
840
968
449
846
6
161
630
725
869
958
751
874
147
861
540
250
440
446
392
669
185
397
445
810
246
138
158
481
904
955
437
751
450
120
499
169
142
657
471
338
462
628
909
166
928
617
277
600
832
41
681
841
57
21
240
950
749
137
455
833
920
164
701
563
90
618
977
961
74
930
479
326
473
494
560
36
869
965
36
66
6
787
556
388
234
630
931
634
936
221
522
636
216
270
205
472
515
850
743
167
663
993
122
335
221
720
756
207
188
553
678
583
192
908
758
498
445
128
27
920
536
834
183
361
911
472
172
799
308
378
546
105
62
456
305
679
423
9
251
423
521
786
181
341
981
26
766
13
922
422
439
632
826
26
500
414
945
452
210
466
293
542
778
428
185
630
88
138
630
96
268
406
124
140
653
486
406
150
542
84
303
117
230
221
464
489
287
682
434
123
499
492
546
283
566
790
642
9
291
439
515
986
798
204
407
161
454
174
991
969
280
600
554
555
304
86
459
378
875
803
138
995
37
9
636
451
964
35
454
569
5
583
255
397
971
798
705
443
568
873
888
288
181
29
474
240
925
389
429
741
139
703
525
24
863
203
809
296
60
136
361
562
341
225
263
616
564
867
689
305
375
380
431
774
279
186
966
248
686
945
96
926
201
151
252
583
252
850
249
675
739
989
660
372
751
575
92
731
971
432
88
667
75
972
414
275
753
236
591
363
780
460
821
922
881
858
625
596
747
154
42
587
430
307
273
500
801
274
267
112
188
724
834
647
956
982
687
780
537
345
42
975
542
256
960
301
263
663
325
887
857
488
165
385
716
855
486
171
231
685
880
972
295
382
959
291
888
362
778
894
962
466
927
240
383
513
850
875
609
476
768
402
378
976
188
890
870
873
91
134
331
858
998
109
73
281
950
107
856
81
249
435
235
773
886
536
491
326
192
708
329
159
843
651
213
58
261
912
17
102
256
252
190
139
643
800
951
861
738
601
278
50
874
170
882
881
170
818
326
820
883
866
354
105
641
946
82
112
417
792
410
168
403
322
382
841
39
754
957
541
558
894
543
457
496
415
223
334
844
673
4
628
176
526
679
511
910
361
303
367
811
603
350
43
816
980
110
315
992
920
457
549
789
352
874
609
790
710
306
705
123
784
430
249
93
595
566
141
16
178
271
355
271
454
89
931
592
903
528
891
175
545
665
689
352
826
226
285
930
953
316
789
494
554
389
860
577
403
14
434
526
66
304
975
597
943
64
217
581
452
268
270
808
280
595
985
566
381
658
10
753
662
194
243
927
33
467
740
885
782
711
703
759
643
430
372
394
2
509
863
826
60
193
206
4
235
325
712
322
993
748
936
100
209
338
283
703
221
757
133
475
854
527
291
212
831
596
728
182
753
246
787
455
758
584
322
643
320
99
566
916
100
483
939
878
111
662
804
898
572
380
442
563
803
765
568
975
648
901
256
517
175
733
562
469
691
659
428
517
270
200
545
736
321
937
198
58
404
348
533
545
393
928
105
751
630
986
140
215
555
776
287
769
27
574
928
465
69
480
442
64
228
286
57
763
552
68
463
340
180
503
939
633
226
842
177
640
527
18
6
282
593
607
58
195
379
985
96
596
706
19
672
458
78
276
496
62
80
408
111
963
324
854
454
508
656
685
753
853
889
308
155
689
537
993
694
554
142
651
234
137
159
488
77
333
687
300
874
287
921
86
565
486
574
47
444
894
362
520
956
832
926
491
400
162
598
906
365
293
60
859
519
836
55
142
912
976
83
441
343
939
874
277
479
873
806
26
859
398
49
252
977
436
785
848
649
487
545
101
301
763
592
814
122
822
412
38
286
813
18
982
96
310
68
841
546
287
95
627
236
889
162
187
512
585
589
478
638
617
404
801
863
51
481
591
433
267
676
499
722
123
351
696
625
938
437
483
283
960
69
235
82
745
676
704
974
972
189
403
228
831
586
520
398
779
347
377
899
457
849
957
371
717
760
788
942
414
222
143
344
517
627
854
536
592
646
893
646
45
190
848
243
447
272
724
197
541
69
297
195
28
70
365
518
113
19
329
424
980
148
97
261
841
600
193
134
725
12
824
413
696
138
568
76
39
785
876
360
762
370
712
807
255
815
955
410
359
330
848
75
964
494
299
321
255
288
373
301
836
967
36
236
231
75
466
785
744
599
470
176
329
130
220
760
523
478
610
510
232
303
237
81
671
354
120
284
932
894
291
812
875
365
179
653
84
621
768
739
799
227
621
172
186
124
634
232
279
258
988
148
344
726
519
15
930
942
306
47
292
734
321
983
951
72
530
78
75
975
603
770
416
820
568
273
131
778
152
43
504
848
260
120
316
315
105
68
994
135
322
837
948
854
282
227
629
529
51
415
489
969
116
268
262
911
478
259
119
890
417
316
67
510
51
274
560
298
166
179
487
357
501
728
86
94
252
375
307
454
876
65
334
295
974
441
305
87
60
463
728
307
953
219
785
473
280
150
539
290
74
622
209
146
748
124
486
920
973
798
619
953
118
996
228
408
215
782
321
702
560
634
201
727
544
539
65
184
426
870
287
436
205
305
81
363
504
142
440
120
844
103
368
522
294
381
778
477
497
157
590
208
180
668
147
618
307
40
886
876
643
840
97
490
687
737
358
618
715
323
337
101
881
797
302
674
736
906
819
996
249
398
874
333
900
431
982
991
230
814
734
745
33
165
968
329
937
299
239
195
326
664
813
771
241
203
989
981
424
208
45
434
665
569
100
682
916
911
134
235
790
242
807
461
70
36
535
326
84
40
712
190
312
93
910
540
507
822
150
51
12
396
820
575
861
677
649
967
113
488
891
960
484
241
82
96
245
872
341
464
943
332
34
899
46
2
998
346
93
123
209
711
615
102
272
330
730
543
68
737
192
938
435
962
639
984
551
995
412
376
821
607
975
813
75
347
490
220
127
415
680
456
699
436
808
281
480
898
403
175
693
932
773
522
465
44
396
918
533
888
542
450
916
662
367
832
641
665
375
265
948
267
279
337
33
690
666
322
912
446
703
977
579
360
988
733
637
352
278
864
674
355
407
236
974
619
282
368
875
983
245
306
124
278
93
937
840
463
988
846
399
269
810
791
395
608
168
306
743
471
670
99
782
100
894
969
350
890
262
496
991
719
340
478
74
769
218
722
462
388
943
724
15
657
720
478
513
741
453
401
966
987
879
138
903
16
398
58
749
865
881
328
351
171
994
937
870
281
189
771
268
159
480
508
986
6
359
850
81
593
282
83
294
217
620
921
663
239
12
393
982
142
670
932
38
445
626
343
43
348
446
578
819
762
949
614
606
597
938
291
672
18
395
158
782
959
629
254
733
696
588
115
250
599
516
20
378
184
165
814
182
670
151
764
403
634
408
97
452
355
398
563
702
468
946
806
766
875
571
323
155
193
920
108
254
32
834
375
135
429
539
765
937
280
394
746
886
250
361
499
870
538
860
4
963
161
154
158
639
777
61
595
706
28
737
505
792
58
853
613
981
68
513
40
529
97
494
478
11
831
175
232
114
649
446
545
870
796
668
536
529
662
946
771
377
880
941
621
55
643
580
959
735
482
662
88
829
8
909
917
976
829
828
123
627
808
73
723
931
989
939
165
164
672
951
672
942
632
966
341
116
227
114
283
267
822
774
55
498
123
647
546
471
82
227
55
607
386
847
846
466
689
417
763
714
125
164
547
128
487
668
167
246
678
545
498
299
483
71
339
704
108
624
725
508
703
864
460
264
971
478
750
678
989
406
702
415
132
558
791
767
319
408
706
995
585
972
482
234
594
142
72
120
804
807
164
442
876
940
255
880
172
190
668
672
403
143
160
373
15
657
95
53
983
404
309
38
635
163
703
655
163
919
640
93
637
101
892
810
263
936
977
680
191
727
90
273
168
31
163
489
807
674
790
764
634
582
923
244
488
110
130
579
177
495
360
125
794
841
454
708
349
926
169
694
712
987
213
828
971
639
363
479
807
612
719
186
571
618
181
110
947
414
228
655
123
912
978
891
793
428
742
48
530
315
198
141
214
25
421
509
210
363
969
418
391
993
36
609
713
64
222
877
401
227
348
204
499
330
211
725
868
570
819
999
28
118
689
577
97
225
26
350
762
593
21
455
221
961
841
52
580
659
538
795
971
773
864
497
155
871
90
33
794
821
41
552
746
944
447
527
244
951
440
699
995
171
299
637
778
525
93
190
286
476
544
678
119
876
14
429
555
813
81
545
316
95
944
886
887
944
626
895
280
801
210
968
296
714
724
262
931
567
221
654
687
445
413
600
800
456
34
326
38
463
722
108
468
196
972
569
5
234
237
63
418
538
119
450
43
473
509
376
88
918
108
27
662
32
179
388
848
882
847
51
175
50
112
418
870
403
311
925
290
446
561
66
331
939
963
622
310
145
460
772
294
631
246
730
788
661
898
956
494
717
505
437
863
558
337
988
78
186
319
139
914
73
720
421
206
706
412
681
496
456
925
820
48
194
852
796
20
830
594
985
52
572
101
847
88
81
960
930
369
943
272
567
400
398
822
330
343
505
284
642
343
187
741
234
975
558
109
642
996
927
644
365
246
880
611
386
172
58
461
440
572
870
595
602
627
522
994
784
767
355
445
994
952
620
337
319
787
577
185
956
678
13
131
823
201
438
132
666
777
266
968
823
439
686
638
829
543
775
988
449
113
982
70
273
155
13
835
270
43
312
138
930
51
309
633
714
542
661
985
32
224
988
152
483
101
97
130
24
829
703
575
568
971
817
231
481
719
754
883
697
434
544
55
572
615
487
956
884
193
321
533
126
31
848
614
875
841
403
381
510
740
928
36
721
765
817
414
16
597
666
358
351
480
318
761
900
773
347
22
727
580
953
15
975
947
38
475
369
934
771
695
804
327
713
735
906
403
89
439
137
955
166
715
240
927
227
661
999
812
126
342
622
674
156
830
683
602
64
163
964
378
141
745
950
471
99
16
720
465
583
59
350
151
5
264
11
87
155
634
811
736
955
902
743
576
233
708
7
239
905
938
849
485
839
267
426
509
835
370
559
923
136
975
945
555
135
125
134
365
766
241
453
764
933
290
62
266
403
494
663
361
923
610
906
400
964
952
179
927
646
496
564
621
854
832
415
356
73
868
65
163
566
640
621
539
546
890
56
603
272
972
368
633
533
695
557
201
954
965
591
677
382
76
98
823
89
133
858
908
255
542
565
409
668
874
562
628
810
49
930
619
916
108
880
790
889
561
249
751
444
622
818
218
729
706
125
796
521
256
340
24
614
143
945
10
290
95
445
421
640
190
414
948
337
698
253
182
53
227
815
260
970
821
548
66
985
411
901
109
495
492
996
8
454
614
190
29
864
685
382
473
71
674
144
632
427
100
361
775
733
587
263
980
730
813
45
756
851
216
31
832
366
960
951
41
604
932
463
746
4
8
934
664
423
325
883
659
534
950
878
811
478
597
192
393
84
903
116
293
865
242
593
788
736
165
689
119
213
527
621
657
159
472
523
469
87
706
944
303
94
344
351
431
217
84
378
521
808
288
711
210
555
670
666
671
456
646
62
539
302
187
870
459
535
734
289
436
424
500
17
815
938
921
258
839
943
11
865
400
648
460
447
517
668
512
182
452
638
934
930
209
229
21
753
408
144
474
395
685
176
515
544
514
253
232
965
504
993
678
560
81
51
640
930
346
160
489
378
65
247
848
241
746
303
815
403
17
23
322
266
399
859
915
671
170
150
927
588
403
737
111
101
798
324
605
203
304
837
122
349
559
30
858
551
27
773
51
22
360
274
454
849
529
217
349
3
480
225
735
987
525
950
756
174
350
641
736
398
157
723
780
950
411
624
456
570
49
456
814
219
762
736
15
755
187
866
250
71
355
299
885
617
541
831
795
960
742
247
350
720
64
942
439
731
645
653
543
430
295
852
956
512
474
205
908
737
553
277
687
994
814
14
783
891
389
290
406
622
84
246
557
349
683
181
132
860
406
498
772
653
190
633
661
556
129
954
563
291
397
301
562
679
327
414
209
600
305
83
442
935
117
251
772
789
698
255
522
216
958
245
187
186
259
694
397
57
261
275
889
272
580
662
717
284
702
905
668
649
718
409
319
262
987
999
594
519
374
3
129
942
686
958
724
496
95
106
400
651
642
636
48
422
196
862
134
191
343
458
808
800
557
482
248
635
745
331
98
191
153
468
174
132
877
52
241
278
648
137
522
848
904
287
776
406
517
217
559
236
950
461
800
606
76
874
160
813
417
629
883
301
83
550
800
361
992
289
904
179
404
284
579
428
832
314
730
366
84
991
277
453
775
384
927
593
718
792
710
85
328
938
537
498
868
619
586
555
626
579
264
773
518
659
893
434
262
24
683
620
942
97
888
978
171
981
446
201
314
423
965
209
715
687
508
770
761
391
358
550
817
934
799
425
904
203
62
541
201
304
665
534
153
245
522
28
274
383
687
932
939
47
728
582
629
805
622
63
165
453
347
64
637
598
551
950
463
148
791
941
932
81
132
225
532
139
325
573
331
679
904
579
766
110
165
469
232
795
524
480
748
737
144
773
536
839
684
327
212
764
380
189
384
10
405
774
125
839
813
630
761
39
348
301
849
817
138
289
392
13
396
543
681
835
569
933
375
447
466
886
541
430
64
520
861
629
229
919
659
521
761
518
771
436
860
797
774
440
363
752
535
803
433
365
75
507
565
193
567
715
985
769
948
814
74
714
919
87
773
877
386
423
452
46
454
105
146
444
317
641
285
675
85
152
885
419
728
265
8
814
320
17
357
66
230
386
366
627
590
765
222
957
156
149
371
356
672
691
868
940
909
620
721
952
920
274
435
159
821
979
60
194
485
413
415
882
191
884
949
895
306
861
350
974
153
790
681
276
448
466
865
369
539
159
966
26
971
518
387
842
802
979
710
605
919
629
304
902
823
187
729
436
541
121
863
622
158
603
167
746
315
924
919
417
635
987
176
384
893
27
98
736
294
16
306
217
941
822
694
645
208
868
235
468
829
544
129
965
989
684
371
764
979
509
623
517
338
279
846
262
797
581
299
176
32
979
55
365
537
593
129
717
656
872
286
835
699
755
523
299
583
683
466
7
786
459
757
262
916
473
852
337
578
821
982
20
752
664
363
50
505
559
402
385
868
142
718
772
893
767
88
420
487
726
352
235
942
991
382
749
234
540
103
319
89
362
473
177
83
935
406
527
616
853
611
289
547
421
331
508
125
568
940
942
360
739
953
541
215
183
141
765
517
330
8
668
178
901
779
838
489
465
581
629
829
327
928
291
353
792
389
559
573
623
926
417
202
838
658
997
822
304
7
690
646
450
922
124
947
34
428
15
871
868
217
511
940
12
567
612
683
618
669
417
5
417
909
572
232
394
174
171
454
65
615
752
549
326
218
813
88
233
185
236
61
268
497
881
273
496
565
153
97
299
849
289
664
847
450
331
336
33
513
806
796
726
657
700
109
551
967
948
201
845
109
379
927
423
428
315
140
920
492
97
238
328
147
279
93
568
31
374
54
967
754
169
293
359
50
104
357
855
440
527
515
828
241
901
258
376
855
887
910
427
647
685
994
405
385
161
104
941
550
83
134
471
206
241
67
880
491
669
384
454
189
6
306
411
411
547
79
434
3
383
384
854
345
981
215
892
218
262
514
355
254
172
136
911
196
983
287
634
259
927
60
295
164
362
487
28
820
523
627
691
97
701
508
572
43
261
152
446
290
86
972
311
96
469
488
875
735
501
278
300
830
762
883
765
24
177
160
511
264
311
743
73
96
758
30
185
559
127
851
307
640
591
540
577
51
642
627
293
244
584
695
487
558
878
122
755
877
59
304
937
909
185
920
311
987
567
688
421
638
507
102
644
431
142
381
542
350
221
989
591
922
668
682
0
532
804
146
442
805
464
655
134
335
476
592
486
851
73
731
129
704
995
107
590
993
875
373
603
244
369
185
1
811
140
947
873
842
396
57
966
623
841
416
771
834
303
323
75
89
541
407
339
706
381
364
3
700
456
57
539
190
410
341
370
862
311
583
411
356
72
494
57
154
422
668
735
160
36
228
749
40
106
662
20
96
99
463
544
508
292
208
955
241
496
902
992
420
108
46
563
285
992
146
546
157
848
787
197
297
211
201
563
31
498
26
861
867
420
173
159
176
900
864
16
444
472
363
416
553
654
864
661
763
333
764
559
491
706
983
941
509
459
28
71
633
129
271
617
327
627
545
0
286
599
674
397
579
33
44
510
94
235
394
600
919
228
771
609
390
679
659
759
872
333
536
404
815
510
344
942
903
998
482
331
671
974
869
606
45
382
172
379
573
250
606
311
869
294
880
14
364
84
592
403
377
626
320
679
887
272
651
743
569
195
444
464
924
678
775
466
92
164
672
558
96
259
108
939
416
515
442
688
686
713
601
375
701
468
517
265
171
310
361
278
660
120
501
119
836
413
40
522
513
507
761
683
594
126
611
387
844
872
763
947
292
99
711
429
91
590
405
598
270
939
355
242
47
696
728
317
355
148
351
463
666
904
789
873
970
16
498
833
383
775
347
340
644
860
805
675
83
495
616
686
755
698
502
873
486
488
528
462
311
215
439
835
539
514
251
138
92
922
595
391
614
850
176
678
16
344
131
194
144
384
744
482
151
307
693
266
168
206
484
253
29
610
929
304
185
78
85
261
805
147
369
868
538
80
651
794
181
461
663
878
54
228
716
947
836
655
786
97
195
772
641
740
407
17
563
476
200
680
435
594
551
537
260
791
351
910
224
870
963
932
803
389
652
591
143
38
91
942
917
687
919
762
522
167
36
736
290
668
870
88
357
483
304
713
117
601
620
501
430
231
554
284
275
962
999
762
876
489
642
341
808
102
796
412
569
486
603
284
921
86
979
160
759
760
617
715
282
748
234
993
729
576
728
523
482
606
340
32
293
206
598
195
705
418
978
248
997
56
633
461
913
293
1
477
495
989
53
285
283
393
952
768
524
558
71
343
401
878
873
464
692
668
989
868
467
776
717
729
881
764
75
770
301
282
366
508
156
405
867
827
134
124
777
677
451
750
652
113
280
691
183
914
152
356
699
207
723
318
543
108
25
40
578
783
833
172
675
774
694
135
315
353
930
256
633
431
660
78
786
219
873
391
600
465
937
270
465
285
594
398
645
464
651
549
886
338
11
648
338
482
953
610
729
443
154
440
823
481
880
173
120
176
656
99
765
429
789
720
792
332
988
166
331
545
222
51
143
646
924
227
288
781
201
296
426
751
350
849
642
717
408
113
54
660
247
858
453
895
68
470
566
539
186
732
82
729
211
535
742
673
161
584
452
521
203
69
856
129
489
893
324
903
635
176
950
473
317
762
393
226
802
821
116
72
70
964
485
289
615
182
262
649
255
694
833
679
240
925
337
695
604
842
596
316
106
489
805
890
565
577
674
59
274
915
967
427
527
411
946
257
431
683
856
859
223
36
310
200
592
852
666
754
234
373
247
198
887
56
996
713
63
119
926
301
88
283
934
506
40
407
75
177
719
10
405
618
135
906
987
770
608
167
473
455
485
534
807
518
30
9
698
953
156
48
826
812
207
628
716
850
399
195
760
107
669
809
247
587
163
2
335
525
743
935
167
153
96
690
518
27
532
705
227
968
986
907
618
111
592
97
485
240
81
191
226
428
510
106
655
752
634
899
722
512
719
84
390
241
654
286
69
654
245
538
335
847
932
441
670
354
959
694
671
460
612
876
352
774
644
436
449
815
683
488
964
286
632
397
414
403
618
89
150
455
346
659
984
86
414
630
103
935
819
996
563
416
610
757
705
269
709
135
547
362
699
25
887
993
4
282
464
973
260
885
786
246
170
859
441
520
958
701
589
758
946
823
468
263
231
586
426
751
537
69
555
233
207
386
92
942
454
596
786
517
394
520
519
926
857
607
149
308
439
791
900
682
45
270
320
106
197
271
293
96
896
436
693
864
447
164
211
390
994
845
395
344
218
189
334
574
572
740
180
17
984
604
178
370
696
313
849
351
703
655
347
136
932
609
80
641
193
762
624
303
229
855
799
388
945
313
230
631
796
468
16
421
649
560
286
117
95
417
265
448
729
595
450
154
37
279
948
884
905
337
631
395
420
318
452
287
497
322
155
952
385
936
36
904
692
609
3
661
491
479
268
960
666
842
197
334
12
834
37
291
25
655
28
972
444
223
503
383
636
170
254
118
801
90
635
324
74
837
588
607
7
919
862
341
305
243
78
305
931
422
589
116
748
530
618
3
871
581
495
165
190
108
708
691
458
535
742
592
991
32
521
186
535
969
580
840
798
671
546
639
512
262
100
569
359
819
293
798
56
109
881
330
427
971
677
582
765
72
404
521
440
539
650
663
893
61
412
689
635
544
237
650
157
402
139
240
431
644
317
649
497
828
690
197
179
384
604
816
574
926
425
624
811
426
686
975
389
572
446
606
158
880
936
311
182
49
770
652
814
185
724
477
975
318
12
644
615
254
572
800
792
304
262
868
717
271
500
453
600
53
461
221
91
79
563
691
260
334
423
662
523
71
71
703
160
474
189
281
492
705
495
538
76
57
495
719
59
581
856
310
570
703
411
851
153
132
788
390
385
54
770
402
694
402
315
758
728
278
144
301
839
467
824
411
817
200
463
299
199
488
487
665
868
808
189
27
855
715
704
873
371
112
194
422
483
254
227
168
384
379
534
843
935
768
962
447
635
0
179
968
479
423
56
624
281
551
643
711
312
230
189
954
237
798
499
896
566
498
918
861
632
242
932
212
235
100
490
960
131
77
977
158
324
872
163
579
705
370
847
363
559
374
870
917
417
598
593
824
666
0
449
211
290
119
613
144
917
107
674
69
770
837
739
781
572
436
800
314
579
466
413
442
366
834
638
858
9
849
474
265
21
792
157
48
760
524
637
27
470
47
700
593
348
642
603
449
246
35
384
830
386
42
138
846
495
606
305
107
981
869
650
425
474
248
332
210
88
881
959
542
500
169
776
634
834
685
852
987
767
220
188
38
745
740
672
149
836
620
275
355
495
519
364
317
191
186
63
469
35
518
471
452
468
936
149
488
623
306
796
421
892
719
10
597
571
469
72
765
648
746
905
551
853
354
705
709
265
517
372
661
721
359
244
379
534
929
698
521
722
262
35
183
955
247
318
802
382
833
464
477
383
293
918
540
60
466
558
265
8
117
535
693
758
574
974
614
840
834
839
929
386
262
369
859
133
869
443
250
321
687
266
682
659
247
702
576
598
10
100
121
64
932
366
177
799
128
14
373
27
835
646
145
660
757
722
834
974
286
964
452
14
82
810
6
424
368
220
457
446
31
548
972
636
50
308
827
176
620
77
789
184
768
371
101
671
86
606
905
139
408
593
197
931
323
64
765
200
573
333
351
376
232
306
539
257
523
248
128
284
727
323
911
817
817
92
935
1
447
303
266
911
83
179
345
618
195
347
54
112
629
673
615
790
771
259
624
712
53
195
188
150
632
855
246
999
627
689
916
92
313
149
853
893
283
898
488
131
681
487
227
354
387
737
586
27
814
628
846
380
474
812
212
16
456
218
172
516
32
247
242
599
718
683
769
289
841
336
518
500
639
300
711
195
574
251
237
435
721
653
917
187
785
332
348
382
458
720
2
333
251
489
231
861
715
89
60
240
114
690
176
28
527
625
820
492
448
302
44
530
786
974
775
603
832
210
366
159
22
160
693
193
395
783
359
334
127
512
850
337
473
890
413
130
212
468
57
166
575
837
972
80
50
602
641
198
683
660
226
917
705
452
222
361
995
504
272
137
879
727
639
96
987
422
470
723
567
448
364
70
35
115
581
482
512
369
195
648
262
490
313
78
286
135
969
855
154
515
332
445
314
312
422
203
953
929
200
88
331
793
35
699
481
138
552
315
569
215
29
920
711
988
44
56
122
479
990
355
23
140
861
708
553
689
102
455
271
705
848
765
763
856
539
579
904
819
238
742
111
812
576
747
826
778
896
238
851
599
513
965
298
598
164
17
410
640
871
181
2
212
358
517
78
639
459
495
629
317
212
81
955
731
41
220
128
764
426
298
30
749
335
827
697
12
836
601
357
707
771
686
785
715
163
193
461
43
263
302
598
251
818
274
473
86
311
713
248
0
95
295
943
661
449
537
485
469
349
424
211
336
901
797
771
624
653
466
664
984
252
379
725
855
125
40
133
888
910
422
576
453
272
203
102
355
11
717
924
539
204
584
881
649
40
786
396
727
707
403
868
470
810
573
517
844
324
497
464
265
101
832
29
837
47
788
965
564
175
365
258
303
386
19
705
2
771
340
157
702
631
394
256
683
362
471
983
190
600
639
905
582
308
364
812
538
447
160
669
412
133
69
996
896
681
377
261
841
994
773
789
746
535
343
192
494
36
145
233
127
308
857
159
397
475
896
602
978
751
919
257
970
308
119
563
736
857
84
2
314
228
248
629
688
229
385
707
292
176
830
405
242
171
40
184
90
436
103
346
540
474
14
61
787
984
331
477
506
610
245
335
793
480
31
647
644
237
877
853
956
406
245
508
95
737
337
782
746
128
59
105
350
837
156
468
921
379
562
719
3
27
179
747
605
222
519
108
673
739
207
350
39
442
321
524
266
818
385
523
698
243
127
466
706
351
844
901
120
790
718
243
603
711
776
644
686
526
278
617
954
135
691
426
538
563
507
341
12
499
706
759
272
735
473
291
628
400
469
550
35
220
61
883
582
877
451
424
507
477
586
427
886
595
810
251
205
437
898
969
216
615
219
610
117
850
79
96
802
18
665
387
253
134
777
6
452
453
460
442
723
469
85
785
663
588
876
37
29
982
303
617
356
664
419
824
633
97
476
967
577
330
694
123
707
216
553
601
83
148
30
298
762
464
894
368
372
802
903
746
758
845
329
191
585
690
102
367
689
718
130
365
741
634
104
292
659
433
172
882
461
558
842
273
926
284
516
77
655
909
245
292
285
14
870
756
469
414
259
535
708
65
893
244
182
338
937
922
657
811
867
41
105
992
4
684
870
234
650
298
811
916
597
670
785
252
121
499
171
234
84
617
446
386
322
118
734
531
746
860
547
956
488
85
891
287
771
467
546
105
565
872
91
151
711
189
108
340
282
473
968
711
490
710
290
647
288
656
983
854
791
215
199
519
306
983
442
674
898
276
298
138
206
57
561
714
308
128
445
386
274
836
257
105
271
987
933
752
527
259
870
845
138
897
718
598
483
564
52
789
957
575
279
897
362
288
132
345
121
455
368
300
207
876
926
316
434
61
819
844
544
23
997
951
380
297
328
985
945
885
935
64
603
34
878
570
640
642
812
655
497
185
491
772
410
186
294
354
683
132
976
458
696
820
139
674
913
569
872
597
848
455
236
947
458
154
756
180
596
425
696
901
883
932
811
250
173
117
287
646
985
915
418
721
847
97
804
845
954
35
604
791
870
690
587
50
346
683
267
160
545
654
755
925
516
523
865
798
85
50
464
409
919
890
702
680
488
449
404
168
43
633
733
493
214
787
610
882
443
633
839
368
564
754
92
343
126
898
316
362
932
744
235
955
607
826
116
81
90
147
55
453
237
35
226
765
954
118
572
748
150
495
579
489
944
429
186
540
616
307
268
866
989
464
865
390
63
254
789
443
449
65
370
433
892
952
633
775
499
731
595
256
588
255
37
850
330
420
709
315
700
170
377
597
571
428
407
584
830
947
964
460
541
85
917
796
144
289
158
727
629
446
995
906
516
186
965
455
795
13
417
963
748
737
651
643
604
53
62
771
519
927
808
601
422
163
906
837
821
39
530
597
671
210
745
459
842
705
159
599
68
616
103
869
683
79
396
911
995
879
352
203
971
773
151
725
525
267
562
617
743
948
643
484
665
847
128
271
256
5
125
394
274
778
513
255
180
224
417
256
463
52
742
876
61
623
940
14
174
744
464
440
154
518
215
737
899
353
216
61
711
45
220
597
305
320
489
269
504
384
276
653
843
856
421
672
472
205
252
299
116
969
82
405
778
159
793
430
126
504
749
673
66
772
792
508
46
709
807
139
838
229
604
333
77
880
772
642
224
900
428
712
542
732
234
314
552
945
708
767
253
183
73
861
423
293
933
903
641
615
18
685
945
656
470
668
633
209
43
678
829
527
10
547
397
815
254
541
5
403
707
77
675
867
993
792
909
123
246
930
529
9
577
412
777
479
333
88
806
999
948
714
210
118
390
795
786
447
86
457
960
433
632
940
371
6
457
13
266
61
593
443
510
682
220
342
151
33
288
693
696
263
704
506
37
212
976
130
831
904
316
313
557
264
316
789
292
512
266
154
690
30
906
612
605
49
721
764
651
611
462
516
212
702
542
929
852
264
864
208
396
223
614
151
102
761
119
165
776
926
180
304
669
708
640
318
804
643
125
290
774
391
303
497
67
912
741
914
787
344
414
140
262
188
182
284
65
633
502
681
313
337
908
155
93
278
409
945
71
629
75
178
977
172
570
230
527
294
270
273
678
284
724
251
993
966
305
842
876
562
422
706
6
569
226
19
578
188
126
53
732
910
74
747
288
636
429
663
469
572
477
200
418
972
357
6
173
49
93
859
342
363
670
348
897
525
63
36
999
553
848
716
743
974
339
30
170
880
50
892
591
462
166
315
336
836
820
837
40
860
526
890
989
101
456
466
532
399
363
687
192
859
913
721
405
591
157
351
957
100
727
384
660
692
495
266
803
412
93
112
35
353
508
840
151
372
596
367
697
167
169
247
838
19
175
158
538
107
180
846
783
164
511
938
44
520
993
38
860
761
272
215
649
382
824
89
539
123
376
633
608
576
836
286
105
964
764
976
917
71
722
848
321
807
254
184
962
795
175
937
610
74
185
637
227
849
467
393
166
476
758
154
270
640
531
730
74
755
684
532
174
407
62
791
710
208
603
299
135
28
318
287
882
701
527
26
306
826
637
215
506
594
883
30
734
695
194
65
321
618
764
957
379
584
77
720
698
764
966
323
424
282
844
906
144
618
776
260
414
232
105
213
361
825
459
611
471
750
969
8
528
525
526
971
673
986
546
383
808
454
406
175
364
9
841
511
218
67
149
391
158
935
218
529
671
922
837
866
281
628
320
577
495
117
627
263
51
469
789
178
574
406
154
108
373
382
744
934
91
313
900
597
102
116
263
922
647
845
264
5
57
212
767
738
42
706
99
718
760
566
843
518
39
109
873
879
864
45
925
194
4
222
142
707
813
441
434
409
544
306
402
756
573
128
547
688
989
8
707
558
418
780
752
98
140
808
853
559
727
354
744
971
380
91
502
867
962
91
566
88
115
184
861
426
478
218
458
252
495
343
548
933
208
358
181
728
784
115
516
396
937
612
788
581
983
153
840
564
979
334
370
568
980
815
422
273
709
774
677
861
129
54
249
8
995
979
831
970
952
436
982
257
552
526
61
838
488
946
479
386
241
627
313
563
680
247
578
939
424
691
268
349
737
573
261
617
211
370
638
957
257
3
344
356
976
516
999
728
354
862
21
441
525
556
800
161
327
791
980
982
384
713
46
297
169
723
187
183
88
351
832
318
659
595
645
475
436
465
797
174
387
266
44
303
683
789
551
499
986
498
149
742
205
615
932
963
17
85
42
397
849
316
241
919
14
456
576
989
262
901
384
49
617
505
632
245
537
525
43
425
429
397
11
245
478
279
558
800
394
960
170
244
8
451
316
470
540
497
607
744
904
312
881
64
657
253
777
536
908
571
102
445
461
935
253
727
348
975
476
93
361
914
804
334
986
317
961
94
467
336
305
515
959
378
797
40
455
761
78
693
949
477
410
447
308
463
296
924
173
766
2
796
997
358
103
157
64
156
733
81
382
59
698
787
300
995
956
302
260
770
563
165
476
341
585
831
52
720
542
960
630
742
829
709
193
176
647
941
6
797
652
910
475
526
959
655
280
308
415
198
331
480
261
2
602
574
700
914
991
529
341
334
845
152
818
716
594
575
243
15
81
380
252
362
294
373
179
414
109
669
247
981
137
861
289
990
714
175
118
878
970
329
63
789
877
181
76
952
879
184
12
637
809
146
808
18
901
236
863
321
936
538
614
727
197
949
233
846
526
766
372
63
590
857
173
397
673
529
329
635
65
97
983
954
401
596
590
638
971
575
580
592
807
902
546
952
573
348
911
845
238
168
653
75
281
79
605
108
976
874
910
269
3
562
128
689
303
889
440
938
417
228
332
177
274
629
686
443
196
906
659
292
676
461
874
959
665
887
242
444
115
686
522
356
306
147
684
862
461
158
76
7
799
141
321
143
556
152
665
656
22
363
440
928
771
763
468
93
416
732
111
403
373
51
738
748
197
896
549
603
502
539
66
698
834
484
956
438
796
511
132
871
396
612
755
686
851
950
479
566
177
551
986
337
956
701
183
518
672
656
894
761
5
937
468
314
520
638
993
437
326
357
366
244
648
616
38
438
570
716
133
982
259
339
991
569
57
217
149
892
280
89
464
527
712
637
522
67
879
223
400
102
195
993
354
119
431
803
851
26
496
989
169
262
218
563
610
432
380
432
288
361
20
2
379
915
29
233
131
37
682
271
252
212
755
329
977
225
528
245
374
622
826
340
735
120
266
101
537
868
296
985
186
650
487
217
695
70
376
736
324
785
58
613
82
28
473
543
735
654
849
359
189
605
155
757
553
882
697
139
317
341
43
502
585
360
683
625
145
621
272
523
13
76
929
110
930
605
979
837
781
544
410
11
694
374
637
72
474
845
610
834
162
883
268
673
412
199
83
899
800
125
763
749
286
211
216
507
390
933
874
566
602
458
637
510
903
227
33
965
382
518
608
69
833
588
19
52
910
363
278
724
945
531
918
871
606
153
352
962
20
667
958
145
299
743
949
514
853
72
849
333
815
636
480
433
726
666
876
542
767
134
913
673
497
157
51
818
268
290
879
757
575
801
265
603
68
389
891
365
36
197
726
564
807
22
756
39
289
371
828
877
108
710
17
885
947
320
973
973
516
92
790
973
952
86
317
784
501
501
223
311
805
381
224
557
898
492
290
936
25
180
412
476
640
779
908
888
396
248
523
915
320
501
398
799
304
332
33
468
144
950
463
12
57
100
216
184
306
166
672
655
848
216
292
435
587
915
50
210
288
695
862
275
119
634
345
262
38
751
361
380
780
636
529
620
867
955
51
553
236
337
866
314
665
260
705
319
291
203
108
184
119
563
798
869
869
361
72
605
571
106
253
262
979
919
310
909
150
378
42
571
735
910
819
597
566
612
773
989
643
789
854
811
179
591
674
923
649
467
220
177
53
180
796
627
448
313
479
156
996
122
494
227
74
969
667
25
577
949
183
426
453
468
933
399
997
809
600
785
447
819
2
995
991
210
79
224
768
429
356
741
642
150
288
764
953
998
288
465
82
923
499
740
781
397
491
261
780
466
569
157
504
560
38
74
133
245
411
446
134
743
899
117
438
761
920
430
631
249
400
989
52
290
523
530
631
298
850
291
919
587
82
307
942
554
272
880
809
15
92
642
858
98
753
9
948
123
316
300
917
304
696
779
294
650
26
816
848
507
433
854
143
406
476
968
986
261
8
589
525
194
96
154
5
530
451
751
937
780
899
721
350
328
34
221
616
538
874
371
483
851
938
752
916
83
177
351
513
413
936
757
488
158
537
677
486
511
666
345
955
126
528
923
668
647
970
576
975
668
770
849
208
75
951
169
872
471
666
164
561
907
31
644
474
838
229
823
620
856
326
89
534
473
609
325
422
984
477
616
635
624
241
846
463
730
515
283
178
374
265
736
722
852
485
384
354
915
913
345
889
674
4
957
753
686
256
195
770
1
23
608
926
103
860
547
5
775
372
266
859
734
637
858
244
958
242
204
247
981
403
731
571
249
969
913
996
152
889
428
654
699
272
32
290
691
64
502
207
236
764
169
941
535
533
23
257
863
205
111
422
783
658
288
438
977
900
680
636
913
86
279
174
101
116
809
860
150
859
475
194
682
689
920
132
59
245
846
197
794
615
318
896
905
433
144
898
209
53
928
490
111
462
942
636
109
908
21
584
295
732
40
954
980
473
595
588
878
992
9
332
835
230
97
611
136
578
367
523
671
20
48
268
700
448
714
244
800
354
828
113
119
826
99
105
410
373
502
132
179
154
630
158
257
742
536
610
910
816
426
802
858
110
172
275
558
281
33
97
464
492
890
335
163
507
912
629
446
353
571
103
489
139
157
708
98
695
557
900
361
442
125
417
987
395
311
721
464
697
42
131
877
929
599
9
600
190
198
800
182
867
93
985
148
319
891
535
87
524
909
46
236
279
387
308
450
776
709
58
324
565
928
964
346
893
113
897
655
707
101
627
75
532
811
560
966
299
245
697
99
258
656
281
750
24
937
594
755
16
143
988
920
455
30
231
0
196
389
25
559
761
762
541
721
897
496
770
924
614
253
976
224
914
503
7
342
944
560
64
896
289
423
370
64
472
84
549
7
561
906
801
390
52
596
115
411
249
994
732
991
165
938
448
748
790
934
456
763
833
243
533
702
314
294
26
675
259
826
975
940
136
125
130
806
399
133
227
999
741
385
518
332
956
261
176
895
467
635
592
792
568
910
19
765
340
839
705
554
92
609
645
926
559
503
319
422
860
924
531
204
834
475
44
391
137
268
96
933
69
424
756
732
605
108
274
81
796
96
750
254
621
439
323
661
607
619
890
805
315
869
359
221
478
178
108
756
10
904
614
829
186
961
355
592
586
730
293
773
855
831
808
680
259
182
118
332
780
806
348
828
790
343
164
435
840
873
301
892
784
365
192
23
4
427
137
764
112
968
391
623
468
109
465
691
932
434
183
280
351
447
31
48
416
468
56
928
268
52
338
400
951
918
122
710
484
312
267
578
80
900
125
420
671
776
15
687
296
87
352
59
109
128
646
953
15
167
180
351
699
569
450
862
384
859
209
257
834
42
711
778
992
882
161
870
152
530
282
937
710
906
405
488
41
523
848
647
70
73
42
382
509
209
846
967
561
930
134
546
78
150
664
169
561
247
99
554
507
813
680
788
55
865
642
461
133
37
480
532
296
364
794
6
769
854
945
467
425
961
295
132
630
787
23
217
514
966
510
566
213
541
672
276
758
396
449
228
649
619
888
691
831
704
635
338
671
822
807
189
174
451
216
381
41
928
25
75
153
528
745
144
818
80
727
633
644
529
860
472
523
492
883
158
879
433
770
738
201
387
185
386
551
788
572
188
877
884
399
795
43
417
453
694
359
111
377
992
363
177
286
385
123
69
336
224
933
116
478
787
958
210
795
817
235
795
938
754
425
475
402
171
935
350
473
576
377
283
160
638
877
769
290
896
479
408
407
746
262
924
317
435
727
276
790
761
804
634
976
445
689
61
184
456
399
207
328
845
467
295
115
328
90
13
414
300
494
888
599
389
211
963
399
35
556
829
977
595
573
108
26
704
210
72
593
625
881
859
52
928
492
946
13
557
634
339
633
698
679
245
381
515
969
231
235
94
20
697
358
429
751
113
437
845
30
825
733
363
48
206
771
598
454
33
90
897
559
244
370
898
216
707
253
711
408
455
926
298
363
36
144
188
56
761
1
273
656
269
294
463
835
77
524
276
741
732
462
16
648
263
677
615
833
662
472
862
1
534
959
27
308
430
852
720
107
164
575
348
728
266
684
543
360
276
765
111
940
537
286
716
991
224
801
919
717
892
400
106
567
810
145
588
80
343
703
923
631
120
95
608
878
676
492
683
450
537
538
555
55
977
82
899
40
541
688
480
211
800
32
577
108
969
550
488
350
432
582
472
657
164
711
243
934
978
812
967
184
283
163
416
230
977
373
727
921
868
419
810
657
251
907
353
896
143
94
179
798
576
508
520
940
267
721
136
907
773
225
428
969
394
659
212
610
565
904
382
526
742
373
565
576
738
703
48
276
972
222
99
449
9
574
87
860
488
259
705
800
635
806
878
639
38
232
726
146
245
562
117
426
29
261
256
513
645
779
287
506
799
773
224
657
576
47
478
417
710
475
227
309
720
602
710
926
851
95
621
189
79
135
749
389
309
550
404
117
127
633
454
220
536
639
90
726
267
15
94
113
453
379
736
46
504
211
523
514
137
923
594
461
130
541
644
283
931
127
224
569
31
565
953
594
655
353
554
161
15
824
572
246
651
379
488
619
829
982
676
942
834
403
25
736
546
307
290
929
52
656
767
834
294
660
857
745
946
341
424
425
784
672
173
475
993
312
566
138
207
364
965
150
314
788
706
768
111
363
711
874
671
165
789
229
761
595
309
11
206
424
207
119
351
750
76
570
778
326
170
814
830
223
553
970
191
500
121
178
971
600
959
734
710
185
377
217
128
630
833
73
574
387
230
246
983
925
12
529
442
215
831
536
694
337
671
574
515
696
850
371
280
492
598
596
876
422
889
50
915
991
887
263
791
589
977
80
929
184
703
572
598
435
37
142
86
9
31
826
338
689
347
162
465
871
115
7
145
443
858
791
406
70
344
719
756
162
76
943
345
167
854
573
116
149
538
877
943
23
682
811
361
69
865
655
734
865
895
372
26
961
410
517
180
426
274
516
810
166
289
777
906
317
66
799
950
870
866
586
758
105
617
0
953
14
726
860
33
769
615
226
770
969
333
841
765
40
986
581
753
720
845
221
329
972
78
806
20
31
83
805
677
598
948
283
114
2
120
995
761
452
700
706
895
492
356
640
342
409
740
316
892
859
428
742
927
188
759
315
133
441
512
593
390
390
664
152
388
398
264
253
946
246
938
755
914
324
793
509
621
324
964
856
127
271
992
782
140
635
85
852
957
700
259
845
55
181
957
28
25
446
393
69
494
310
359
365
221
891
342
523
709
608
310
348
122
100
199
583
186
46
531
617
20
400
371
332
415
429
895
586
627
625
296
392
302
52
889
847
178
716
810
904
915
716
811
485
162
195
894
441
984
736
871
790
371
284
163
716
917
90
823
548
788
152
723
190
634
427
837
863
183
165
544
481
455
200
334
623
145
112
876
41
136
503
807
979
320
941
330
335
225
703
604
3
813
361
823
630
251
58
774
942
36
667
514
166
962
705
701
51
395
128
589
461
937
248
265
8
912
255
38
129
398
751
762
797
589
81
498
690
419
151
236
134
503
818
901
848
494
580
356
412
828
511
259
660
943
669
609
537
297
759
643
310
760
507
89
921
821
639
816
155
963
371
455
804
986
965
612
529
570
78
122
196
229
131
733
716
176
955
84
79
825
76
978
636
426
406
401
828
396
988
592
334
608
568
765
483
567
629
691
620
668
611
130
369
803
306
744
625
184
701
47
435
902
450
543
24
355
154
330
312
290
874
12
361
780
34
728
333
988
775
511
961
791
790
900
162
605
675
806
594
466
115
304
887
137
212
434
522
211
851
777
178
98
947
728
220
281
932
999
417
993
486
880
219
391
260
781
286
734
951
202
145
92
26
132
388
692
65
74
50
510
69
407
859
879
382
967
308
448
517
253
656
44
183
589
978
362
781
772
704
649
660
797
559
815
508
498
834
750
682
800
867
288
890
986
820
634
948
714
393
111
344
11
198
147
628
620
424
160
852
49
179
943
406
978
38
908
101
876
719
897
748
909
261
561
864
328
173
759
830
234
584
774
855
772
733
74
771
399
316
296
905
659
661
414
730
468
105
323
860
157
12
945
348
706
890
475
383
606
863
91
571
575
998
309
387
294
177
432
852
251
896
565
560
303
64
718
281
270
328
342
828
59
202
327
377
188
958
797
626
181
742
480
35
416
812
102
53
471
329
616
614
250
70
135
677
842
562
90
959
204
152
649
507
32
984
159
129
846
986
543
475
356
850
167
680
98
976
931
601
308
190
638
123
204
213
228
814
187
2
835
332
871
869
401
77
529
478
504
96
137
457
413
794
867
268
971
457
626
756
488
109
497
544
758
307
57
649
791
122
700
725
632
491
812
879
72
732
253
621
648
270
227
754
63
221
772
682
700
644
630
80
822
489
54
35
534
450
848
233
925
93
766
972
779
366
835
112
77
114
587
275
555
899
246
749
158
457
696
469
22
73
192
609
817
748
678
261
805
347
610
602
760
817
117
937
591
904
3
280
49
78
139
890
910
228
802
975
960
621
106
729
863
860
156
994
284
321
903
504
196
203
687
583
552
520
882
933
139
198
765
503
163
302
431
178
119
164
342
681
934
717
48
340
716
546
15
647
698
645
878
34
740
680
326
177
349
384
607
661
480
426
867
323
962
113
436
170
514
559
286
301
264
435
856
887
353
138
680
428
825
982
478
752
590
675
200
707
658
853
853
785
205
875
738
9
83
408
456
807
709
596
248
989
489
503
867
834
716
720
209
6
487
116
76
432
336
686
776
651
749
440
575
666
579
55
135
172
167
453
50
472
415
628
859
277
629
398
89
248
560
95
392
218
459
463
529
931
194
758
700
180
509
518
61
739
15
66
301
433
43
704
539
813
150
947
889
91
971
642
472
738
28
258
848
429
671
451
72
532
596
239
908
901
450
447
562
329
76
288
353
832
210
945
156
125
751
802
4
620
793
313
129
325
767
936
643
370
534
244
270
10
711
109
900
552
557
291
982
594
524
43
142
58
770
73
237
628
226
12
239
188
206
622
901
920
877
341
75
571
568
593
488
35
400
792
307
485
799
234
319
259
397
139
476
246
238
414
556
554
831
450
13
684
636
917
191
505
649
342
846
766
470
110
55
820
387
270
643
624
657
117
41
117
840
887
896
821
277
338
961
218
339
416
269
184
168
435
76
823
916
160
752
667
7
413
740
574
622
206
30
545
352
38
531
651
795
439
594
786
720
198
706
36
686
828
631
673
537
644
12
567
638
309
500
533
102
639
535
679
421
818
44
559
201
20
565
612
554
387
211
943
581
243
978
461
452
592
325
634
184
50
785
219
658
278
707
821
447
415
314
430
544
22
536
423
558
777
465
631
970
451
951
772
791
897
297
823
928
478
862
392
28
428
681
698
436
263
124
619
85
227
930
635
23
466
498
830
704
217
887
15
533
285
851
543
297
658
487
15
748
69
878
860
175
964
429
753
759
688
305
425
167
303
460
933
660
327
753
191
17
768
64
977
5
744
70
773
244
767
140
509
60
187
328
882
776
328
774
711
124
948
944
690
834
935
654
731
95
943
556
758
136
982
93
925
577
573
688
798
526
986
406
54
973
903
423
583
20
401
838
513
349
41
811
550
559
838
998
301
0
362
637
392
746
573
136
644
730
255
245
981
645
689
501
161
933
653
639
751
667
529
854
827
773
255
6
41
48
145
486
802
477
161
23
293
415
768
583
756
500
600
588
270
605
401
620
482
344
161
749
824
267
241
167
731
430
508
197
841
329
868
827
785
875
237
568
889
790
394
402
330
70
474
390
467
412
691
365
680
443
248
741
277
845
100
885
852
457
383
823
279
184
691
983
248
272
842
374
527
929
271
705
533
886
225
346
552
745
348
693
360
761
574
131
906
245
355
951
964
638
110
465
803
645
258
270
678
228
164
780
590
883
34
405
760
559
152
208
713
309
804
849
957
854
142
982
584
441
588
659
423
45
497
680
807
439
200
552
467
340
63
543
963
558
548
439
521
872
313
840
672
919
245
808
111
571
310
669
133
60
701
972
19
541
185
135
723
133
23
130
374
802
398
275
132
969
404
462
20
130
712
377
222
793
830
111
170
847
530
102
891
659
685
274
568
391
10
378
73
605
118
161
32
648
221
196
808
433
178
182
492
581
560
394
713
127
914
539
212
826
59
59
576
613
251
296
667
714
690
408
62
388
168
522
311
309
635
918
673
700
711
404
584
582
758
633
866
7
295
204
13
220
159
2
188
655
751
616
894
918
885
685
93
600
745
507
341
505
253
262
923
222
183
207
538
619
863
953
474
844
906
655
692
487
744
697
16
550
906
787
433
692
78
301
276
410
358
572
125
938
981
38
956
233
651
360
541
399
404
310
594
229
64
281
10
106
584
141
748
258
719
672
268
989
873
623
805
867
260
298
725
272
732
337
103
338
234
198
418
537
985
627
544
671
761
264
942
224
273
568
298
156
928
710
772
729
256
326
327
89
790
72
440
128
411
813
991
325
464
618
605
714
446
55
784
10
341
873
121
425
260
779
255
460
487
460
67
80
547
79
930
454
762
532
229
808
912
779
75
876
305
372
960
609
725
620
500
785
807
980
661
222
343
550
603
336
758
322
122
812
922
715
236
178
341
269
845
143
225
9
355
363
352
403
851
493
632
577
528
451
174
627
320
710
176
144
829
280
338
80
221
409
861
723
740
585
331
295
471
104
712
102
184
487
661
418
121
833
341
383
816
955
969
49
412
662
770
611
304
46
26
484
197
978
510
7
258
648
399
738
370
445
212
677
516
839
527
533
73
960
92
541
114
254
73
2
698
578
249
155
117
338
485
965
280
663
985
903
856
562
553
466
216
934
936
16
85
827
153
427
22
19
885
853
863
581
138
570
318
174
348
111
412
700
487
471
979
738
34
778
676
530
855
956
651
187
194
307
203
154
607
129
249
912
30
499
67
900
31
507
783
739
216
136
289
72
959
601
505
52
920
420
646
735
385
737
763
423
117
951
85
76
798
196
388
719
922
77
541
23
883
812
432
23
975
602
243
92
702
476
56
446
607
197
407
346
612
23
84
871
880
418
680
717
481
133
533
881
108
837
939
91
426
151
448
752
516
212
402
830
995
666
244
490
118
923
468
121
574
114
160
962
334
321
37
560
81
441
57
803
240
92
715
561
380
999
429
579
617
624
997
841
564
446
338
651
250
636
806
819
255
707
239
45
702
585
106
770
180
207
202
530
227
141
537
454
321
412
395
356
364
506
423
193
951
529
278
925
609
643
260
874
607
565
544
405
867
606
20
631
791
84
114
991
103
220
19
459
687
744
170
717
584
880
371
141
738
997
843
981
731
8
152
604
796
22
270
600
51
23
623
954
830
194
469
774
225
40
638
438
718
587
806
195
859
335
782
308
294
413
247
994
346
256
334
501
917
493
836
651
172
890
818
763
539
650
468
68
177
470
885
762
492
322
292
170
420
428
344
901
493
144
477
517
264
548
515
3
922
181
740
828
425
328
690
316
132
432
185
103
580
246
940
417
225
520
390
818
695
901
873
699
859
667
845
438
758
470
412
575
516
932
795
881
704
273
728
243
926
82
956
71
305
319
133
262
900
131
919
23
249
437
942
585
858
426
910
310
356
896
51
981
318
911
147
714
923
417
98
796
473
799
62
489
856
787
941
507
968
45
458
163
783
916
526
479
574
293
763
437
654
77
425
532
913
967
332
233
835
826
100
849
998
534
910
851
595
807
411
211
468
419
793
615
439
461
837
0
578
652
686
286
52
426
530
917
774
416
516
286
511
842
590
54
137
282
779
547
135
919
234
931
468
330
877
396
308
215
206
20
501
67
971
729
339
85
978
915
818
373
169
867
797
53
485
349
945
959
689
757
489
748
652
418
815
374
891
394
695
802
949
342
103
960
207
24
196
491
844
583
294
926
232
850
839
441
247
938
688
195
824
241
682
975
443
243
130
465
17
497
448
368
809
98
488
11
91
394
133
587
412
321
436
551
594
420
547
672
57
328
86
702
769
423
38
893
469
617
872
128
437
967
26
820
596
848
327
993
506
302
82
143
424
853
360
799
215
68
335
233
451
576
839
89
608
28
74
265
664
742
261
693
970
251
345
983
709
699
431
417
949
850
225
902
587
503
813
895
600
277
739
875
28
953
482
248
237
548
944
666
296
23
757
788
558
712
68
331
578
962
909
862
838
164
684
272
93
730
561
470
887
502
304
76
359
69
723
925
956
784
88
450
496
340
337
604
369
545
923
419
9
709
550
456
721
224
896
653
217
461
938
479
92
620
590
767
802
649
357
737
502
440
237
674
149
650
724
749
576
298
189
953
580
801
976
919
903
82
478
594
540
322
916
658
946
685
402
225
495
250
796
285
769
516
498
359
871
559
474
726
746
222
801
468
588
486
348
655
632
954
23
752
649
153
731
196
212
340
704
438
396
511
993
982
941
79
68
669
243
389
755
635
54
725
893
626
45
132
374
71
899
881
322
887
817
556
148
206
346
230
512
733
64
711
871
601
560
35
809
896
44
949
356
194
598
635
966
160
555
401
835
586
92
373
318
422
742
610
210
689
874
127
701
855
552
762
372
982
658
399
511
708
863
125
133
803
940
198
309
397
293
527
333
469
425
27
128
486
241
96
529
833
296
691
755
201
753
507
820
980
706
486
420
941
164
528
21
635
342
912
18
60
297
363
153
350
808
493
346
295
565
340
665
579
97
776
252
623
453
397
142
903
635
948
372
979
197
639
958
557
864
365
310
998
933
4
714
399
847
170
253
194
110
704
953
337
801
439
750
799
999
675
809
486
583
92
302
682
409
205
914
934
118
61
387
657
858
191
1
445
689
828
250
478
280
273
843
308
285
347
311
220
522
956
693
95
251
416
879
655
0
684
497
26
993
656
168
310
726
667
877
925
257
859
267
996
133
72
669
842
109
608
611
47
331
171
626
59
179
202
673
792
46
929
51
688
690
839
688
794
369
420
61
870
266
915
460
674
762
567
736
465
941
66
562
127
686
679
668
460
646
486
688
347
640
267
892
56
611
851
81
602
709
834
410
18
534
418
440
830
205
978
858
362
883
898
705
806
264
375
536
542
397
597
681
257
871
89
868
862
413
464
888
914
970
73
281
308
174
791
581
852
473
897
110
422
690
20
117
307
769
55
724
655
65
709
757
839
219
767
746
909
399
539
692
195
907
300
407
346
321
841
504
840
320
827
204
940
710
333
91
589
615
973
315
670
504
199
446
692
174
297
487
503
63
795
250
714
312
788
482
188
651
554
791
471
111
248
573
530
630
460
240
233
980
91
199
352
167
705
798
249
323
764
498
297
896
302
499
492
716
168
39
228
710
903
152
264
487
217
951
232
841
980
636
375
456
397
958
888
770
728
512
859
385
553
585
123
916
806
449
238
580
970
687
594
333
654
457
171
497
41
0
857
570
19
866
559
186
353
2
890
811
475
833
708
125
71
814
933
760
527
608
466
135
327
743
887
223
843
971
592
593
683
479
238
849
580
426
392
589
739
500
124
360
451
716
441
739
353
850
563
46
216
232
520
952
705
469
881
857
531
919
204
78
420
283
600
133
939
847
115
68
125
354
114
93
525
593
768
27
397
380
183
472
946
146
42
370
18
885
181
646
875
198
581
408
918
309
37
232
629
28
0
65
132
760
70
684
776
534
995
186
282
628
332
866
360
963
634
389
770
637
777
318
603
199
95
533
471
493
487
71
227
614
760
651
519
484
964
952
503
974
949
699
983
45
795
765
65
852
863
666
643
781
308
579
68
825
312
590
873
345
496
69
715
919
934
112
958
731
135
807
841
232
879
987
202
852
367
976
784
394
821
511
560
8
641
981
740
628
563
747
976
999
827
307
120
716
707
185
543
911
903
478
839
76
867
856
498
135
568
602
827
476
764
291
916
733
768
293
600
142
32
518
558
44
885
203
557
459
329
779
116
675
476
178
602
788
365
678
152
188
648
373
738
346
926
575
148
449
990
73
502
734
244
591
251
876
660
141
409
968
846
40
551
406
871
331
988
275
795
401
214
162
905
373
306
191
80
488
437
928
891
542
388
941
328
782
45
405
250
482
57
134
776
47
97
931
172
664
657
663
542
984
661
213
613
971
968
819
67
47
658
585
93
858
143
155
344
328
982
865
783
564
956
726
409
194
216
194
830
117
800
17
696
640
385
840
745
987
740
68
264
396
70
38
958
995
195
868
282
892
969
698
101
34
205
823
644
950
904
136
673
549
467
112
341
88
659
369
516
777
497
812
315
816
46
894
662
421
744
836
894
230
458
62
193
475
497
851
355
148
623
794
706
739
870
816
580
104
902
428
208
608
495
33
726
114
832
906
143
888
90
263
916
709
877
192
543
885
579
563
42
272
336
97
260
830
240
416
293
698
804
126
464
457
167
966
50
861
111
686
558
14
980
72
222
130
541
605
651
191
39
941
76
279
636
198
669
440
426
272
143
962
653
394
661
8
883
628
137
893
310
143
243
767
503
187
991
430
505
12
685
53
666
98
651
295
826
348
697
544
219
831
3
570
226
655
389
715
74
809
479
728
643
543
80
485
82
402
718
745
603
399
249
565
422
867
723
284
149
439
414
841
177
731
65
859
85
245
320
35
600
322
817
581
901
625
413
785
605
373
441
132
446
540
111
899
617
124
975
127
561
981
556
73
172
935
655
877
81
593
201
701
128
977
284
810
505
168
958
161
753
868
970
429
818
419
124
692
415
79
595
477
684
677
750
269
647
705
612
225
278
86
275
977
439
226
194
887
720
440
651
659
207
506
95
392
859
141
773
667
879
561
714
6
354
495
729
139
446
806
197
379
603
184
113
115
605
49
77
336
321
102
252
14
331
32
885
979
643
333
490
169
19
936
944
576
429
846
778
630
879
487
642
653
272
926
641
731
633
990
701
845
967
782
179
34
147
801
428
415
554
887
796
348
150
445
932
906
723
287
460
627
441
873
311
963
810
48
368
553
834
238
667
320
651
686
230
264
349
156
142
850
521
228
242
326
43
340
890
981
885
817
793
401
718
567
124
168
944
430
584
989
829
598
113
534
700
943
752
915
993
349
498
745
968
768
145
150
658
701
537
328
55
297
589
6
967
974
674
75
79
150
882
676
170
633
19
946
762
449
576
692
87
958
905
917
844
812
688
570
207
45
817
648
13
50
609
19
287
490
997
922
407
559
405
618
987
72
366
796
35
572
938
303
156
445
393
107
811
1
341
702
28
529
207
444
782
264
22
21
442
305
979
930
747
726
230
607
690
308
457
171
791
790
461
25
921
294
777
417
915
984
985
124
147
628
118
417
680
411
426
449
716
642
589
399
899
369
316
653
88
117
313
358
445
342
582
435
666
175
21
140
90
246
2
264
700
808
112
687
976
9
567
874
71
23
718
749
130
77
128
16
642
558
266
829
389
969
433
561
658
47
747
705
824
779
884
829
706
561
514
884
954
96
352
345
719
721
297
503
598
620
690
846
459
666
82
315
132
629
77
799
551
591
998
476
573
250
768
758
442
955
334
881
193
362
117
386
985
160
171
766
120
559
215
109
635
678
68
293
177
688
910
698
225
336
963
479
21
362
246
457
963
670
327
877
79
500
966
926
492
573
111
232
664
490
661
695
802
324
826
610
360
972
536
134
884
749
295
544
393
270
797
336
121
836
9
140
961
266
621
583
773
777
223
574
498
817
188
487
515
944
809
556
325
858
845
208
443
202
643
755
595
261
654
902
487
929
601
540
633
252
604
260
159
2
129
266
688
854
705
667
361
468
190
989
984
410
543
395
28
261
640
114
19
491
375
790
301
25
724
299
377
140
220
946
502
231
735
181
57
557
218
884
562
612
10
862
192
343
838
924
90
882
785
696
66
57
280
716
133
577
858
8
766
927
56
953
601
658
950
369
541
90
253
439
120
951
307
346
677
257
836
908
843
309
722
920
37
556
907
108
823
969
141
136
11
86
340
494
890
554
759
822
930
926
345
700
449
180
820
833
689
124
168
916
260
877
6
980
564
154
370
63
369
968
109
703
263
456
396
310
576
945
416
41
726
366
195
647
563
968
972
136
821
240
907
719
715
713
335
333
918
221
46
587
657
359
465
88
327
695
808
300
628
479
824
760
22
699
320
667
693
637
468
876
950
984
288
160
394
637
185
443
596
861
346
554
37
446
249
844
535
330
317
835
222
398
693
989
323
957
641
40
760
394
655
946
241
179
834
631
999
828
479
298
774
467
178
255
421
95
308
212
549
599
86
790
343
940
21
187
3
673
479
277
278
617
874
797
624
400
840
453
94
200
649
208
411
775
680
813
131
120
191
503
899
437
692
313
331
913
225
171
769
112
288
623
947
295
160
515
434
682
895
861
990
126
319
239
671
366
176
168
36
434
513
29
141
587
58
702
900
352
787
986
222
416
733
825
477
224
404
184
86
205
627
289
856
927
578
770
478
804
69
982
734
962
620
874
273
472
554
267
105
86
804
276
307
409
821
892
834
812
789
676
222
127
481
953
87
745
464
92
82
828
823
31
105
845
452
175
282
950
908
112
252
435
122
276
908
380
168
66
462
810
359
119
60
65
926
297
285
64
193
296
101
573
242
299
895
327
422
678
615
53
562
861
540
943
601
762
300
172
544
467
583
535
417
86
695
842
24
900
287
387
562
429
335
924
675
143
389
678
996
16
751
373
224
51
43
526
360
551
762
440
209
503
44
842
311
806
410
198
822
737
836
359
702
917
523
228
891
902
589
898
597
525
20
959
544
213
975
971
588
108
138
136
229
846
991
776
59
8
821
400
98
910
700
758
79
570
99
575
944
616
815
257
305
892
267
585
220
793
682
97
970
866
866
329
4
170
443
959
53
401
562
19
244
203
554
106
40
721
640
450
194
311
353
129
333
884
877
802
741
582
705
138
472
818
904
685
787
325
892
476
508
660
303
265
763
516
281
675
819
624
234
424
643
88
672
407
623
967
488
884
547
822
819
898
336
0
952
730
994
720
732
773
251
8
851
64
341
840
788
390
413
14
237
755
658
175
711
373
324
839
782
152
842
461
598
105
751
603
934
59
339
279
488
187
396
622
964
451
792
516
275
146
559
691
756
148
109
327
319
786
332
613
94
534
865
953
751
968
998
183
103
889
852
431
263
56
48
917
874
274
23
126
535
146
983
586
373
274
983
560
801
709
906
182
607
203
84
967
726
421
545
713
304
376
250
208
13
209
519
950
415
462
100
771
421
618
484
838
221
950
780
24
450
406
732
402
210
170
990
144
304
997
617
654
174
160
925
685
226
405
703
544
312
485
447
415
309
323
107
314
927
110
102
707
967
683
652
901
301
251
85
859
127
263
84
498
585
818
378
825
141
289
127
59
407
574
707
379
652
137
392
804
333
538
223
941
665
435
810
358
647
766
820
438
290
451
700
177
77
720
549
395
739
724
514
735
781
351
998
708
98
238
271
142
985
908
945
509
392
680
324
105
585
979
151
535
316
305
20
206
738
674
366
357
202
150
873
120
181
246
374
441
131
573
831
718
134
106
229
918
622
526
577
281
933
124
7
879
318
966
604
558
398
389
645
420
144
465
496
857
65
384
764
598
877
267
236
159
852
843
351
65
515
608
292
637
916
977
626
299
92
929
334
645
863
170
101
293
656
155
744
260
218
391
278
160
497
755
697
91
926
952
409
936
983
119
216
973
807
888
251
625
577
58
958
216
781
727
153
827
971
104
861
974
520
278
749
246
827
186
783
893
884
501
277
122
684
822
309
503
921
196
577
306
384
490
328
519
531
655
707
886
418
654
656
436
55
295
994
552
64
369
364
96
890
134
985
445
833
458
280
792
682
383
285
360
258
976
642
171
731
988
352
524
921
498
67
501
394
373
605
945
169
746
430
521
215
699
259
42
413
593
491
676
567
286
444
174
936
510
879
788
472
767
524
358
46
391
820
894
180
515
490
500
148
28
368
642
946
30
715
914
526
914
465
766
957
303
448
747
297
77
430
66
912
944
271
247
393
562
229
1
947
744
852
614
321
881
945
53
883
583
212
548
875
653
735
481
221
458
868
714
144
685
452
864
123
310
191
293
382
236
485
198
840
60
242
942
42
636
473
367
88
768
797
951
211
664
404
196
950
833
853
357
382
825
742
284
675
173
250
701
914
929
313
578
870
920
508
250
400
48
872
340
312
892
285
247
111
436
512
670
649
486
515
554
954
237
458
581
942
766
55
503
745
624
765
403
358
543
469
580
799
148
372
178
978
988
699
687
907
317
532
669
561
744
916
683
806
978
452
643
274
213
101
486
749
458
677
275
114
50
996
152
172
879
416
973
444
188
748
610
77
646
323
13
522
537
330
644
57
723
215
43
473
311
848
131
371
803
114
546
424
521
457
835
393
922
879
795
908
50
815
168
245
326
402
849
940
604
172
257
828
554
892
46
770
634
548
538
723
467
55
14
989
751
59
243
952
103
620
272
605
285
946
212
326
252
504
584
712
724
679
848
590
996
278
745
527
313
642
698
127
479
105
664
649
858
266
56
804
335
679
231
104
61
763
982
146
533
135
245
319
262
294
744
667
87
807
554
284
395
265
289
484
520
13
841
718
64
299
691
454
864
690
852
493
723
661
155
783
896
801
944
953
822
433
150
667
411
736
964
25
275
323
121
273
671
249
250
230
164
149
327
980
308
804
924
872
802
811
277
905
541
410
987
749
601
389
269
677
193
8
780
780
244
41
147
87
489
371
467
898
194
396
262
507
609
916
333
540
681
705
958
326
103
37
1
255
638
838
273
221
13
143
481
762
26
438
162
70
669
224
622
3
606
412
682
153
23
651
984
144
719
348
930
935
177
686
56
799
534
784
432
699
416
120
537
995
352
838
251
253
503
225
755
965
816
240
588
639
160
925
443
40
658
66
547
581
932
134
398
832
695
800
617
144
953
343
47
740
579
706
493
684
151
593
157
612
238
335
393
617
424
31
632
43
241
704
316
372
716
78
1
285
909
199
424
723
380
827
413
267
447
812
636
525
113
382
527
931
562
824
124
904
903
321
178
315
958
278
126
107
607
340
475
149
221
377
963
221
30
238
102
775
78
166
740
67
548
961
117
438
851
579
951
413
780
467
30
158
640
120
10
358
750
179
9
461
200
802
615
453
66
322
301
103
44
929
217
613
208
111
111
492
746
901
669
922
738
751
348
260
999
931
184
135
838
520
919
553
444
180
718
456
312
904
322
829
991
986
878
910
285
22
338
223
617
458
501
24
433
198
633
739
966
528
557
739
12
955
808
846
579
881
661
47
318
399
269
611
99
494
137
842
693
547
687
768
126
869
84
354
548
835
51
613
162
201
691
626
865
547
170
857
275
326
450
229
719
35
285
333
685
439
964
793
738
437
208
381
818
878
24
617
892
537
907
452
363
870
120
755
397
399
56
490
678
843
41
973
269
479
457
508
854
558
855
41
564
493
192
2
510
601
80
284
580
474
446
256
144
20
105
269
269
95
470
885
67
603
850
846
482
958
879
786
918
748
470
880
201
599
698
139
958
668
820
30
287
527
870
925
107
464
764
784
639
482
907
412
186
582
547
225
243
350
474
56
64
153
471
913
812
710
850
314
886
963
995
459
42
486
439
437
656
720
784
0
729
960
247
18
978
125
56
486
481
595
674
866
915
591
248
528
519
587
995
469
183
198
437
236
120
609
696
632
45
786
813
680
267
798
934
31
384
284
636
76
700
209
454
76
878
480
169
960
173
228
726
101
457
664
549
62
576
309
661
765
333
403
14
19
566
987
284
728
224
4
572
94
958
895
781
33
43
923
919
1
18
638
746
163
61
815
88
161
719
766
485
673
840
47
908
149
805
942
982
629
589
219
372
797
520
29
157
224
862
97
708
861
9
584
658
12
371
797
789
129
513
423
393
260
680
491
692
134
996
560
162
730
882
299
409
21
89
831
549
842
302
798
207
791
724
134
469
699
979
385
214
513
631
913
907
768
698
263
847
629
219
620
132
822
165
946
383
1
907
727
14
129
246
618
651
432
842
977
943
394
249
584
807
440
553
825
333
956
957
457
573
484
774
457
242
691
230
618
505
787
636
556
103
342
170
634
777
20
233
166
274
208
169
700
37
986
702
291
705
642
389
985
413
636
694
831
513
183
49
677
398
45
898
845
199
769
395
632
4
859
642
219
849
53
700
636
457
465
634
670
336
876
640
707
7
412
552
612
266
506
3
443
295
945
532
425
781
827
430
972
910
869
580
684
103
546
493
208
382
27
762
556
392
955
295
881
925
850
483
291
415
634
877
890
257
680
238
107
2
542
226
234
271
751
10
496
511
323
667
552
298
275
509
486
20
672
873
810
787
665
844
296
177
88
490
627
960
762
378
720
761
442
881
175
656
486
682
622
907
175
351
145
144
30
628
237
883
704
391
120
995
420
801
727
253
899
331
420
657
886
519
437
510
915
274
185
58
89
887
610
451
231
52
631
944
25
167
539
854
972
307
669
324
0
129
10
9
438
983
890
118
921
165
662
185
977
435
641
956
528
740
563
853
35
841
50
653
194
112
61
157
897
2
962
106
815
199
847
522
955
242
909
301
693
642
450
933
853
153
254
192
564
673
87
695
763
382
738
938
493
699
87
413
897
217
109
878
76
366
809
320
199
624
904
608
452
933
494
403
172
460
292
439
68
85
63
717
297
9
598
393
605
338
233
45
334
229
66
295
869
756
741
29
530
617
429
93
131
33
275
245
492
481
375
70
73
535
23
228
984
377
353
195
623
854
21
990
94
360
30
174
999
346
505
151
762
884
46
562
307
841
326
809
572
990
366
803
34
695
430
52
910
947
962
885
491
661
53
924
971
273
253
481
285
653
551
723
696
945
813
873
813
430
803
500
723
388
85
592
292
578
423
384
672
606
437
192
194
121
635
938
829
736
141
17
318
206
33
377
689
214
679
79
638
285
138
714
4
720
119
693
133
680
754
29
332
210
212
570
922
904
330
544
756
249
100
292
186
249
601
175
401
268
110
655
263
365
452
975
313
809
665
288
524
998
917
147
307
928
529
720
183
218
612
149
994
97
608
418
160
867
727
546
966
357
420
148
86
721
599
214
861
863
101
426
842
251
42
808
432
792
970
447
320
335
956
356
103
48
469
287
682
600
677
825
746
654
273
660
942
970
857
896
25
200
154
827
15
748
670
969
376
270
514
582
895
122
613
782
294
970
913
503
130
852
23
715
682
518
309
195
371
776
729
740
535
293
483
506
52
252
878
799
521
550
324
589
973
843
303
142
338
141
88
750
757
202
60
116
545
136
396
674
420
658
785
895
627
833
709
341
5
193
205
684
349
322
977
171
119
788
543
860
689
304
616
747
348
795
579
967
541
874
471
133
517
25
990
923
999
147
498
840
710
51
721
577
281
725
343
116
827
867
765
521
528
23
690
563
265
332
119
717
417
446
251
123
856
78
567
6
82
2
325
732
22
279
621
862
727
335
530
377
68
408
321
86
983
349
339
336
726
18
698
460
377
184
699
520
901
197
469
473
854
721
440
884
101
562
447
312
379
583
713
839
314
100
855
375
989
848
63
31
38
66
816
210
552
261
419
770
394
928
141
783
644
168
625
364
459
528
145
132
879
818
655
448
87
211
512
574
34
818
899
921
492
421
648
401
787
228
493
65
888
184
34
747
640
540
672
36
711
611
289
525
672
896
828
562
840
71
799
914
925
667
137
462
466
368
937
386
241
159
432
693
360
66
843
784
589
660
919
45
630
657
894
224
160
582
737
928
119
129
359
582
726
250
416
300
849
519
633
115
790
586
984
51
421
512
293
563
104
185
794
436
648
357
17
349
813
407
813
596
233
429
123
936
957
84
581
107
605
927
627
728
720
269
518
624
562
433
759
553
691
865
891
991
702
268
586
166
522
480
512
782
624
468
514
697
1
1
892
234
10
357
871
437
436
732
552
169
925
42
279
844
73
29
633
172
61
832
5
478
685
720
954
114
79
83
744
664
784
542
961
237
587
959
701
974
493
676
971
418
893
163
919
908
104
265
139
151
729
75
747
39
228
213
245
201
816
937
43
662
752
857
190
929
454
827
990
929
179
875
722
531
980
268
174
609
993
585
467
45
693
495
882
996
936
762
268
853
49
728
242
408
747
573
894
537
658
909
840
405
274
211
519
708
101
354
895
760
506
849
631
41
956
827
25
767
518
159
250
766
750
787
869
346
933
942
644
597
206
429
152
457
961
507
375
868
90
821
419
650
255
759
513
550
948
757
762
143
668
155
39
118
97
552
314
893
606
935
663
200
855
495
800
814
10
881
737
442
814
742
121
269
335
669
356
319
705
506
547
199
659
299
736
178
490
273
138
643
632
60
753
568
987
546
623
356
717
271
97
386
724
642
499
448
536
760
415
944
711
26
636
918
126
364
202
73
309
640
611
398
960
994
401
980
341
502
299
517
546
271
552
130
691
532
125
1
780
830
49
94
774
338
85
888
131
346
667
468
977
291
188
273
5
619
75
619
277
457
331
95
538
754
275
743
935
15
884
115
544
782
968
997
541
471
306
389
521
119
495
272
407
129
427
587
637
34
589
57
777
679
606
626
971
309
433
267
575
494
867
154
32
855
565
809
578
426
548
833
145
591
971
852
99
678
139
920
780
592
21
862
259
574
541
921
364
101
927
294
929
992
139
633
995
751
731
727
493
419
801
448
497
865
162
92
157
262
894
508
418
587
902
854
153
465
539
888
803
653
106
603
732
317
197
634
231
697
805
973
501
67
614
941
628
696
461
178
548
179
270
495
793
678
420
548
422
496
975
193
359
185
247
425
303
329
222
752
44
794
581
671
582
631
928
301
591
218
548
165
724
257
833
861
971
474
584
208
512
793
857
291
692
282
165
354
817
292
631
707
451
53
31
951
342
794
832
499
359
896
403
941
114
218
616
564
258
208
443
503
783
651
39
762
46
396
503
402
278
283
526
501
625
74
445
448
581
716
224
641
237
907
201
570
54
77
341
338
925
512
314
196
695
21
615
898
87
779
169
317
948
745
729
37
169
259
158
473
156
82
385
192
52
55
551
835
153
697
872
369
447
631
53
359
640
213
834
190
202
160
4
619
525
768
965
353
363
833
350
717
128
554
92
450
895
903
104
374
615
103
602
50
116
741
204
785
306
349
872
826
366
15
201
622
107
476
258
712
263
928
74
604
671
520
765
503
361
736
180
844
88
104
476
181
214
866
334
935
659
811
271
394
142
942
141
137
356
352
381
624
984
451
838
596
520
538
896
430
355
674
804
885
271
118
725
805
600
292
338
59
197
400
228
265
872
13
976
733
946
281
345
910
684
693
484
261
55
998
836
410
386
379
176
431
965
770
787
678
4
324
492
670
489
605
200
980
626
59
81
255
981
176
217
218
189
510
940
835
27
904
156
246
893
962
145
788
7
788
635
175
726
966
124
248
900
41
626
91
534
145
661
719
766
546
414
608
679
968
811
797
359
512
812
265
288
502
203
615
974
25
496
930
279
399
284
424
455
468
607
57
545
334
780
195
210
874
971
741
780
430
388
172
387
650
452
393
257
981
571
870
474
222
389
951
745
371
194
553
681
243
519
549
906
447
905
699
866
697
218
760
37
883
202
687
291
221
607
698
327
18
551
135
98
275
747
451
78
799
827
821
42
441
782
193
728
876
876
963
892
63
611
982
418
703
573
681
556
50
785
73
133
688
957
37
411
914
645
573
453
681
173
507
861
866
882
233
367
369
801
224
672
939
725
707
922
771
326
998
205
162
330
565
619
804
234
208
933
822
106
285
735
967
905
931
883
63
358
731
438
767
94
242
740
319
85
101
91
124
605
201
605
310
746
508
716
903
60
197
387
157
164
617
975
390
751
457
266
923
444
184
396
848
709
405
328
397
592
60
428
329
839
302
352
215
348
46
500
49
17
443
404
134
620
180
580
930
231
732
47
885
675
677
508
713
237
769
450
143
520
641
156
885
823
621
467
661
870
483
443
714
284
626
240
574
349
72
482
873
555
770
949
763
75
789
355
184
590
625
909
386
974
348
726
686
19
802
872
242
957
160
24
242
605
149
775
75
356
225
495
25
256
296
26
130
958
507
295
18
194
146
895
702
490
694
730
512
480
532
713
11
603
350
190
811
176
910
675
863
604
538
637
285
710
101
516
631
879
593
568
12
112
718
422
769
218
552
796
351
485
776
443
614
746
900
651
70
863
271
276
710
828
524
820
468
94
696
347
627
265
474
99
182
704
940
92
170
58
387
848
225
270
862
568
855
266
970
179
804
187
140
623
561
731
239
567
631
967
509
342
410
302
719
461
700
929
287
159
284
95
248
289
645
885
246
548
626
107
530
307
287
94
360
325
750
359
817
128
67
322
927
375
487
430
292
275
691
88
19
30
232
770
457
158
340
876
159
60
732
5
517
62
679
911
724
377
648
895
896
462
365
325
361
448
380
244
95
458
647
248
402
79
45
168
405
475
742
602
11
920
701
19
529
21
356
738
291
638
559
722
583
248
813
500
90
145
378
421
41
323
156
838
176
935
920
351
569
711
65
258
316
836
364
238
969
613
570
944
869
169
289
736
163
992
116
679
864
587
617
600
214
72
979
781
222
375
703
782
706
523
572
903
956
488
367
162
501
386
455
466
713
777
691
410
168
184
815
476
486
109
803
148
670
104
822
79
474
279
265
705
700
339
37
616
285
716
727
208
139
273
475
229
725
587
552
406
948
584
941
372
394
747
546
665
429
844
658
636
755
144
820
750
913
412
365
754
826
760
275
452
814
468
238
68
769
701
284
993
898
849
515
202
617
738
169
258
265
134
512
786
156
510
929
300
852
67
727
419
210
163
628
923
321
819
195
412
523
765
558
159
224
555
771
126
490
365
256
315
388
852
676
880
798
62
765
521
273
38
733
30
415
373
605
290
421
492
725
894
7
448
711
557
415
206
661
478
90
276
8
986
704
223
733
173
346
560
697
368
635
237
454
53
411
522
717
964
418
735
272
58
205
133
652
980
306
298
839
353
310
640
140
283
392
482
574
340
830
237
587
704
68
727
387
920
810
391
697
802
237
367
645
318
704
352
923
865
778
964
769
162
874
580
462
965
818
533
900
397
323
206
876
450
956
423
180
304
941
652
751
982
368
102
59
713
301
952
937
140
290
76
993
58
126
516
360
81
492
802
366
637
866
525
209
890
620
231
344
26
301
978
409
3
641
28
535
144
74
30
755
603
577
567
437
89
767
223
416
177
210
752
851
752
13
30
538
249
568
938
499
620
641
839
316
525
434
610
77
324
91
702
223
481
889
478
825
341
407
188
258
847
326
357
400
712
905
3
921
530
968
940
287
7
167
431
972
531
299
101
430
394
573
298
999
659
5
324
202
399
560
697
620
571
756
361
225
673
121
413
216
986
516
680
801
622
880
473
71
882
240
555
759
62
920
680
108
652
919
604
990
962
849
631
31
284
230
8
533
700
322
888
476
522
119
170
597
637
724
328
525
960
858
828
154
401
23
783
855
312
94
776
169
877
262
477
980
733
337
840
47
423
642
502
946
303
741
156
233
966
644
650
862
941
209
523
780
928
997
839
235
37
232
970
39
484
356
495
781
4
735
846
94
882
638
999
259
801
26
654
559
205
256
814
943
438
611
215
406
953
513
166
708
447
548
67
56
367
519
114
890
138
869
174
770
522
873
234
206
775
189
328
300
611
269
970
707
591
112
245
174
832
10
512
11
103
781
990
228
794
453
157
302
40
430
470
953
185
48
26
271
521
464
211
766
759
923
873
464
746
498
275
230
601
646
984
637
683
391
804
190
321
790
125
197
75
95
313
794
952
291
213
786
712
784
269
432
511
626
0
178
885
837
980
966
219
209
475
107
359
675
419
76
905
907
142
620
366
832
318
498
935
685
508
857
249
973
625
125
419
233
148
248
788
735
265
818
725
282
350
71
672
866
420
567
992
200
954
559
421
934
385
692
798
485
496
33
262
390
570
47
821
777
94
456
649
551
546
941
724
366
9
858
772
117
687
858
472
124
374
334
761
781
444
464
663
987
931
630
860
294
839
180
295
869
503
104
99
181
881
978
368
451
986
347
542
772
747
270
838
212
485
426
299
908
76
850
468
700
884
811
219
465
931
977
986
899
407
192
450
369
166
897
936
260
664
817
714
613
210
997
952
944
536
899
77
379
72
116
357
761
591
158
970
326
884
285
731
319
846
441
262
639
51
198
935
498
231
49
56
379
652
185
560
531
281
491
324
250
391
204
373
502
209
982
623
456
164
758
677
460
376
263
238
503
552
988
695
404
95
204
573
523
424
156
55
433
37
305
630
493
182
616
920
32
572
230
272
81
653
698
878
922
494
206
987
350
735
642
401
232
529
903
1
819
611
445
403
487
979
579
988
448
396
184
900
483
104
771
550
244
303
897
991
927
59
131
44
243
520
939
259
883
123
516
805
244
340
754
379
260
13
795
799
991
531
240
11
562
252
327
80
498
229
683
636
619
489
341
641
227
911
418
502
218
383
659
747
314
170
29
457
919
570
792
258
148
480
865
702
820
138
880
420
386
937
13
602
984
621
737
649
409
204
397
37
7
87
878
123
57
330
836
517
574
507
941
953
734
652
907
321
962
837
543
680
106
766
212
460
842
607
417
256
852
915
644
40
745
783
629
711
829
16
373
895
324
247
664
125
938
72
46
122
567
325
358
337
225
187
434
505
820
198
989
242
737
425
878
141
254
648
450
843
555
436
821
838
816
931
306
724
292
549
730
132
71
207
621
292
66
989
372
688
728
154
513
699
348
151
636
441
218
551
15
556
826
812
419
732
412
129
418
456
477
235
516
472
121
193
24
657
676
787
14
912
427
814
163
170
837
587
860
151
865
538
786
588
675
785
494
257
726
94
840
995
892
38
586
180
146
107
227
453
72
817
256
96
569
368
166
933
891
333
586
626
555
141
541
168
52
935
403
43
473
404
503
55
99
535
973
573
130
390
971
792
687
372
216
330
391
969
187
172
477
350
486
531
310
56
791
310
915
625
555
243
525
153
246
834
281
281
864
163
691
683
300
992
516
254
931
715
451
652
665
130
153
491
365
468
853
6
979
855
423
582
768
136
636
426
734
185
419
376
76
308
710
779
717
773
592
876
765
567
783
270
614
577
701
608
293
879
386
832
66
197
532
750
395
467
857
112
66
971
134
48
177
226
867
27
210
341
395
141
874
167
177
545
526
948
89
935
469
263
74
777
694
922
420
905
221
626
57
169
965
161
712
134
412
62
997
236
214
467
831
150
800
188
757
291
98
842
514
39
611
768
15
929
664
556
777
428
786
287
900
484
929
486
89
288
275
630
558
590
422
254
505
487
211
330
670
307
812
218
237
921
946
243
866
125
922
205
313
414
885
157
661
347
681
748
736
530
806
433
121
954
593
213
969
710
431
915
891
641
471
421
280
358
821
630
322
280
235
981
450
432
394
958
997
501
694
284
854
856
622
425
922
61
202
98
239
866
3
566
980
797
439
320
663
434
33
365
624
638
729
163
379
357
887
518
953
904
396
421
190
805
68
130
477
328
832
79
996
309
324
686
542
841
542
929
490
462
361
45
424
560
756
137
346
97
870
789
408
198
31
800
625
159
667
299
475
965
57
202
638
348
347
221
307
463
401
540
644
554
204
199
816
965
332
279
492
566
546
801
934
588
822
594
94
738
805
587
459
462
765
79
961
66
473
916
669
624
151
452
740
129
852
894
255
575
402
496
708
238
389
175
639
344
110
929
712
439
571
597
20
959
156
483
374
304
797
79
82
707
780
544
352
245
826
214
508
997
885
395
956
636
740
837
698
127
695
193
255
973
678
996
484
191
346
726
974
101
472
529
495
551
612
561
813
237
149
832
194
596
950
518
187
413
598
500
511
418
453
234
706
445
380
631
411
755
473
183
534
30
502
340
822
24
188
511
409
992
625
753
838
71
159
529
986
748
237
664
177
375
963
244
139
61
402
613
814
382
133
739
148
24
462
828
51
611
434
528
37
719
484
368
897
928
924
390
87
452
34
900
400
292
840
18
59
630
429
978
367
592
293
532
595
671
47
705
35
966
419
514
253
921
896
673
979
453
139
8
374
893
195
656
889
252
747
826
168
986
89
635
577
562
650
436
176
273
602
462
109
213
85
590
737
221
289
441
629
866
366
414
39
142
152
819
135
439
407
228
161
171
858
916
5
806
351
527
701
35
943
130
103
337
659
401
704
274
811
865
530
921
105
621
175
916
620
393
506
157
268
776
184
91
735
810
491
136
99
82
278
419
213
685
673
812
649
339
275
180
87
0
128
210
573
563
902
467
174
557
233
742
934
329
116
922
827
884
886
803
63
688
816
113
950
554
645
605
110
849
509
675
138
345
923
22
74
236
105
359
559
301
302
172
624
675
882
256
312
27
118
560
322
593
686
218
754
748
783
896
369
315
344
91
930
390
231
299
607
805
513
101
283
315
130
409
665
183
499
990
461
421
811
746
732
245
901
28
86
753
140
621
481
295
354
827
670
124
217
815
738
285
325
363
710
575
506
454
616
354
409
844
459
114
833
402
545
296
329
88
383
715
175
183
587
773
395
874
668
270
866
19
953
240
802
757
780
234
483
528
581
858
471
351
585
688
217
703
38
431
482
129
402
831
599
460
540
34
561
185
83
715
875
435
11
395
120
36
457
340
343
222
879
164
312
887
150
706
128
55
842
561
293
271
803
624
311
797
526
331
931
218
897
290
74
886
606
224
327
190
899
956
42
627
946
657
549
476
708
40
63
849
383
681
858
588
724
301
487
370
903
178
588
411
146
769
820
893
630
863
362
243
256
921
423
410
975
368
482
464
552
877
758
39
10
869
222
254
168
374
317
252
861
11
247
165
588
372
144
494
208
311
490
595
633
214
347
367
902
856
823
592
628
907
442
576
699
643
458
419
975
284
704
961
412
489
533
823
763
25
819
558
599
253
108
390
72
741
855
835
291
878
466
366
346
937
412
504
952
997
123
232
932
571
150
662
217
56
961
908
930
765
712
210
146
125
925
603
524
697
314
716
685
114
340
956
864
670
877
813
273
605
264
984
563
897
505
148
872
943
776
7
328
697
444
500
233
833
452
0
807
451
472
873
556
229
711
509
191
409
15
519
651
425
307
107
115
778
260
700
613
180
767
265
618
251
505
485
937
222
765
499
982
881
9
532
31
943
221
500
370
527
440
860
150
990
789
49
388
177
642
425
625
741
362
743
609
77
415
345
249
401
103
874
577
910
73
93
631
185
530
638
236
478
626
911
187
218
208
280
359
951
920
313
481
893
662
682
939
864
177
22
558
416
286
742
183
447
730
277
683
514
552
158
133
236
530
718
259
938
407
742
882
674
784
143
768
973
692
907
686
606
552
895
890
320
191
20
16
167
753
601
485
544
330
397
28
448
402
321
638
251
471
401
699
463
310
612
98
730
302
57
517
768
613
699
652
33
266
449
919
192
674
93
767
684
208
814
74
926
628
797
489
425
235
756
130
876
224
908
302
528
582
391
889
118
856
577
872
387
519
385
106
477
500
851
837
421
257
802
486
319
647
554
775
520
720
426
693
263
578
798
898
761
218
723
515
674
817
165
706
704
697
565
565
937
840
363
918
452
162
372
556
92
865
352
623
718
401
735
267
110
970
478
613
18
862
957
499
475
329
635
941
207
393
777
522
645
670
85
623
132
97
964
859
786
829
909
51
441
943
124
612
137
141
131
29
366
128
804
632
740
515
922
369
605
23
734
561
242
687
734
92
192
72
61
471
309
645
643
330
817
555
49
254
699
869
781
455
748
316
39
752
935
201
271
708
619
109
197
449
409
798
584
264
746
345
360
597
972
255
392
573
569
506
710
146
127
818
403
396
490
694
652
446
355
480
871
42
846
80
818
155
569
203
0
54
414
829
540
903
782
347
876
59
910
745
504
809
676
146
917
267
995
849
796
215
81
192
927
264
914
881
85
828
947
347
660
174
175
858
875
691
181
109
710
570
155
199
48
940
137
594
927
67
379
910
109
522
795
880
555
845
887
929
353
346
858
344
997
201
150
285
865
578
14
500
872
604
238
667
197
752
21
666
998
898
682
854
727
788
852
683
258
996
353
547
338
367
218
972
379
15
182
78
883
428
476
99
871
939
325
532
974
597
927
917
624
697
600
422
575
644
515
606
775
817
463
239
586
800
403
896
811
23
808
234
736
721
633
732
507
511
612
190
912
934
311
248
476
281
322
450
809
333
60
393
794
293
199
779
872
377
642
784
984
726
534
729
123
253
313
21
619
335
569
514
914
65
439
0
285
835
668
234
779
425
379
22
782
993
561
377
815
959
159
416
536
304
299
368
322
410
566
231
213
754
203
10
414
146
576
160
600
41
828
528
113
858
96
67
121
686
847
374
511
850
571
271
179
960
69
394
82
905
145
348
840
725
760
32
132
683
634
702
354
661
336
212
404
831
139
795
323
52
546
857
627
255
594
513
451
20
288
483
897
549
65
865
471
330
282
614
837
436
284
642
63
889
16
440
224
567
390
775
378
393
16
533
464
987
583
308
214
999
399
987
994
209
747
187
456
991
829
583
736
540
865
218
904
769
866
488
832
464
800
556
35
157
3
477
0
535
906
419
546
175
948
682
93
395
444
44
860
768
291
627
825
156
959
791
970
374
723
121
411
142
944
685
317
399
451
373
192
802
609
300
410
30
189
424
710
127
483
563
760
923
240
495
152
63
328
571
216
362
143
896
776
490
731
543
871
925
849
433
87
453
913
151
988
546
494
290
633
498
985
497
673
314
911
677
1
225
648
61
617
616
452
535
632
690
946
769
512
934
685
365
525
38
204
396
461
906
852
580
349
536
298
739
829
188
699
470
115
353
62
21
756
427
408
573
220
18
615
984
152
375
627
521
473
937
944
812
821
434
476
244
632
239
276
631
760
928
62
895
582
818
629
343
803
984
673
29
111
456
656
609
413
456
964
114
373
89
613
145
487
233
692
620
312
589
501
34
400
476
238
854
223
273
144
846
965
964
658
993
690
745
739
134
601
66
646
124
155
813
578
595
200
17
547
521
950
426
187
446
217
719
756
333
823
31
315
550
657
985
697
292
262
275
103
100
360
868
741
976
513
16
774
857
985
850
604
167
843
321
568
335
814
891
279
492
340
77
682
756
147
175
757
200
572
173
411
714
303
935
217
154
149
672
375
496
608
821
803
315
622
705
930
559
743
216
659
931
186
440
730
931
744
485
757
617
91
90
263
629
704
228
461
521
250
492
812
763
795
619
525
897
2
155
114
295
348
172
917
10
99
948
836
433
519
445
608
262
219
567
776
95
484
423
888
765
986
825
354
97
985
274
399
612
834
624
673
592
778
610
653
891
317
142
380
844
562
498
274
889
491
950
433
153
578
59
552
388
590
406
167
632
99
873
0
529
424
646
592
119
276
667
782
745
356
734
124
606
983
419
658
429
731
702
547
371
330
598
223
112
246
881
567
305
266
970
967
889
782
462
525
265
848
813
510
139
929
133
593
40
429
987
511
894
977
85
16
720
539
297
812
487
995
959
396
85
458
102
113
438
549
11
937
348
170
658
942
457
859
292
126
904
138
428
587
231
827
842
981
645
619
955
901
862
81
678
512
152
619
743
658
165
233
94
515
61
103
696
479
719
442
86
550
511
271
283
776
281
106
219
865
945
160
100
184
936
932
690
754
443
753
596
397
701
564
305
451
902
767
461
96
117
462
749
460
802
144
173
694
870
768
607
892
420
441
597
602
37
414
818
197
224
235
779
163
527
942
296
865
246
573
882
129
294
884
749
236
944
643
422
204
901
138
893
577
626
503
826
442
979
634
191
814
491
355
261
922
238
219
315
401
98
829
607
984
296
808
86
630
984
556
459
751
625
433
665
110
923
6
654
584
750
188
183
963
58
956
97
407
711
39
475
769
799
717
314
487
368
534
344
702
220
727
264
901
407
204
847
69
317
972
62
998
241
640
894
523
643
985
995
724
574
541
98
728
707
847
283
761
371
171
127
335
351
170
370
6
224
234
407
747
363
440
621
673
992
885
897
292
126
609
267
997
239
597
407
727
15
480
983
3
763
654
916
887
938
425
355
423
394
816
823
549
474
925
738
862
760
581
577
956
990
985
432
740
987
193
850
142
12
333
824
15
75
558
109
456
843
403
538
943
352
53
53
674
195
371
832
454
177
653
856
101
650
949
522
785
582
443
277
650
17
956
455
65
500
210
446
81
230
363
847
955
598
473
239
393
64
252
607
247
504
490
551
853
95
713
563
65
781
657
774
665
417
777
191
580
76
196
559
899
199
848
646
649
367
502
197
503
310
518
852
306
7
422
104
429
446
595
298
743
957
387
774
731
671
161
634
132
612
138
829
966
107
280
32
195
262
353
584
839
113
868
320
66
939
556
992
682
327
315
772
711
816
601
901
749
947
700
857
875
404
52
945
144
23
909
863
350
216
338
314
835
834
417
237
497
719
456
477
716
81
353
314
133
131
385
74
85
443
540
337
991
239
509
799
35
560
863
424
838
678
884
878
930
648
722
294
550
360
109
601
710
37
632
490
606
280
256
458
520
989
13
374
146
906
85
254
382
614
790
538
469
167
900
52
58
139
2
867
942
208
179
22
376
627
438
515
392
504
668
588
931
214
886
868
597
745
716
847
708
114
387
252
183
66
50
378
371
274
571
276
756
898
991
801
66
605
76
725
460
280
548
135
679
629
44
205
56
697
315
89
226
46
450
74
212
707
528
589
489
403
606
903
26
134
845
61
132
946
917
248
965
947
283
193
731
658
153
25
861
465
110
471
107
750
750
583
696
37
408
98
284
81
988
589
15
998
89
465
649
328
830
526
703
422
482
817
788
544
679
631
174
28
477
757
512
668
157
754
251
572
47
577
126
472
483
217
214
956
264
687
712
19
923
449
880
429
528
592
296
30
934
769
83
571
651
524
585
340
873
578
474
94
553
623
437
175
560
149
985
785
763
557
767
377
906
193
537
233
190
550
292
844
485
308
196
334
487
946
152
686
760
628
437
198
358
554
756
232
180
115
274
848
60
399
669
628
924
470
41
644
270
847
161
207
286
553
153
605
10
998
172
821
822
769
380
730
87
477
634
379
855
39
670
620
693
304
977
322
413
509
281
320
140
783
192
171
95
775
886
733
273
343
481
293
757
370
974
752
256
710
62
768
468
683
804
368
343
430
157
940
272
966
136
172
999
7
614
820
75
443
26
810
760
978
764
180
288
68
778
523
586
500
419
263
52
802
469
427
853
294
26
591
554
491
289
843
460
423
32
894
844
607
137
729
55
137
252
821
339
841
311
152
884
707
917
235
201
788
143
143
365
625
878
824
526
437
32
646
975
188
424
619
79
340
503
65
891
122
423
833
703
256
337
623
17
893
502
658
822
591
461
279
789
230
330
369
181
706
653
784
592
864
811
960
469
382
384
127
11
447
386
473
226
467
27
893
737
425
153
480
589
214
189
758
809
572
243
5
520
120
686
313
958
844
739
695
968
41
277
306
884
313
336
192
465
952
221
973
17
104
616
454
923
494
344
952
581
852
519
561
429
382
252
753
287
594
112
345
12
80
496
507
704
696
810
19
867
131
186
123
65
591
594
792
694
878
884
434
925
125
128
944
830
353
550
58
196
719
531
306
198
919
586
370
640
266
784
433
747
104
217
489
76
581
168
873
491
438
48
746
796
654
533
341
597
984
787
37
948
874
920
187
683
994
251
407
650
612
319
567
132
53
947
254
740
484
299
619
983
70
108
4
326
334
274
742
624
313
589
39
602
748
188
314
86
713
44
983
375
300
827
135
820
80
594
901
145
541
128
707
242
480
64
822
662
609
663
397
838
639
621
924
997
28
663
107
919
676
240
652
29
628
13
147
269
420
847
138
734
523
226
438
853
380
918
435
980
390
943
877
430
25
200
419
380
312
104
628
835
404
117
848
202
245
613
485
287
630
809
202
501
398
287
820
533
912
381
648
746
570
515
825
978
907
406
271
370
664
193
543
319
579
78
199
720
917
115
559
639
355
499
981
441
271
411
107
778
690
902
305
45
34
526
372
20
506
907
444
922
583
49
537
217
240
103
728
628
810
261
416
697
19
850
778
860
481
731
100
78
857
967
315
451
827
108
991
741
55
354
94
868
503
768
954
619
673
971
161
25
959
315
348
128
593
592
563
887
569
396
749
940
878
70
722
765
481
768
215
144
391
482
729
311
674
734
314
248
154
611
586
787
249
27
803
578
605
804
459
643
995
315
399
191
738
830
91
306
536
395
802
697
508
972
990
915
901
829
451
815
612
455
492
455
192
274
365
828
872
809
871
746
34
897
935
140
362
815
203
143
934
192
286
378
788
417
88
205
805
671
569
781
361
733
282
209
613
895
548
614
891
224
475
742
41
935
490
844
202
155
91
975
54
9
692
19
117
590
1
768
470
959
866
655
239
549
305
796
362
863
746
99
17
835
53
839
417
268
779
179
994
168
883
409
791
489
802
202
657
705
816
227
319
872
221
553
578
290
650
36
113
875
973
288
517
771
707
886
996
197
73
676
513
968
162
843
96
859
140
797
745
942
351
639
544
844
721
309
40
618
976
957
231
148
339
890
566
680
346
478
409
587
423
549
164
18
157
395
613
714
435
366
614
402
383
258
644
253
363
54
367
778
821
962
269
993
213
849
760
80
433
363
38
180
790
99
518
729
63
991
869
716
398
492
581
471
459
351
250
933
51
396
539
810
878
414
569
792
470
22
90
213
556
927
53
766
459
158
49
707
800
889
896
723
430
306
980
629
506
177
929
47
938
577
844
689
681
356
545
922
111
18
112
758
270
151
860
309
617
412
454
63
247
991
480
654
469
267
249
738
859
347
497
772
661
902
382
527
163
556
67
457
64
905
44
277
146
955
513
58
426
176
154
625
36
836
819
611
687
654
173
570
726
547
566
880
789
479
81
262
452
818
739
447
235
845
464
844
645
709
889
981
782
352
517
573
286
303
597
23
715
748
373
90
66
512
188
459
334
487
377
116
220
432
226
336
340
827
10
268
255
990
614
54
998
623
806
709
418
764
423
652
188
735
890
350
919
285
725
185
74
52
610
238
888
408
697
583
57
298
855
198
597
881
59
858
227
146
224
155
723
606
320
835
462
917
428
235
663
55
374
264
708
316
214
716
733
122
684
983
680
174
970
489
272
54
311
644
251
759
272
589
18
941
310
570
548
896
71
542
230
337
545
310
862
869
105
384
986
549
301
652
658
654
753
706
443
287
345
202
769
610
660
565
298
267
160
419
836
263
159
124
205
311
624
272
75
786
314
378
67
819
37
343
293
328
140
445
527
784
557
871
650
173
442
449
172
162
533
73
618
623
214
921
369
22
513
755
189
928
831
67
389
260
709
237
93
704
115
984
201
983
267
889
54
619
726
107
230
731
678
215
653
155
11
172
485
758
472
919
205
579
621
155
942
800
895
895
316
399
894
387
157
469
318
838
933
191
843
477
421
678
847
480
59
989
742
53
315
153
269
584
832
839
697
130
334
530
706
147
301
964
55
542
922
966
281
485
274
468
9
663
137
43
316
168
283
869
810
325
234
114
666
973
719
346
343
87
556
27
786
640
247
945
32
94
308
755
880
109
286
301
955
166
727
103
894
235
664
305
122
347
425
268
331
644
620
945
660
208
939
543
380
325
40
222
155
956
17
758
825
199
915
587
215
355
771
499
821
684
552
521
751
697
533
64
80
181
210
310
461
411
281
756
212
710
507
863
483
755
980
115
803
777
959
930
821
122
288
331
887
637
844
71
921
602
936
192
595
135
817
298
77
174
965
352
574
224
714
768
357
50
334
748
939
766
813
883
637
755
277
502
705
224
862
418
107
364
300
780
618
180
264
984
994
467
579
204
798
620
587
622
387
376
345
236
551
537
552
218
961
135
183
394
890
807
816
59
700
933
938
528
342
250
708
917
246
189
355
871
848
601
532
973
47
832
735
618
565
55
910
687
172
31
570
20
484
752
803
868
287
997
75
688
130
141
240
595
618
233
592
378
402
216
304
463
277
236
851
298
28
264
86
941
16
302
60
708
885
984
989
702
893
315
139
759
920
945
445
931
583
253
721
860
59
717
119
731
378
932
230
259
225
722
144
969
983
604
440
485
415
616
169
139
901
119
469
139
226
481
866
398
697
738
36
386
278
547
588
185
58
704
944
228
292
329
390
369
371
974
524
864
692
354
725
216
783
602
903
623
147
205
379
857
109
72
62
904
657
464
780
585
425
303
201
2
8
360
221
38
214
617
80
285
968
878
755
639
106
951
435
722
226
159
618
866
345
808
842
969
263
317
266
509
420
428
497
433
916
453
85
786
102
167
907
537
851
894
551
960
973
390
770
753
265
596
584
129
381
366
599
426
410
315
799
786
757
362
730
409
591
16
517
449
680
373
902
77
243
918
646
971
780
552
298
112
232
208
974
718
49
449
220
599
879
22
482
918
479
160
795
300
965
385
653
641
744
395
448
20
90
747
848
641
862
360
605
807
641
46
970
972
809
594
267
783
667
91
565
879
34
353
381
234
593
724
351
832
643
909
582
9
309
920
683
408
90
247
121
416
330
282
689
813
251
438
244
924
431
58
382
804
997
200
486
808
886
21
48
601
253
636
789
277
390
757
50
470
20
608
240
277
958
446
126
532
692
935
755
73
712
350
849
377
352
207
196
941
477
270
356
232
102
243
755
515
590
610
445
309
527
209
81
949
261
949
68
409
198
306
620
540
881
618
268
195
389
90
749
392
700
622
96
0
845
491
931
66
978
311
317
55
147
930
897
58
851
84
866
712
900
73
693
456
485
334
445
139
540
758
895
235
265
111
450
609
326
338
568
539
223
302
487
552
592
871
415
164
826
949
959
128
992
558
830
247
634
1
981
41
564
671
106
542
534
278
883
7
733
28
721
568
617
619
14
159
816
866
189
75
695
989
630
206
548
36
995
758
911
918
343
165
700
507
971
637
555
979
89
317
742
692
495
551
990
87
551
431
453
841
27
74
744
553
144
175
791
937
792
146
436
804
793
516
797
344
72
148
432
637
283
7
823
828
53
230
980
513
777
701
792
888
296
290
181
614
246
62
24
338
768
747
770
770
174
708
650
427
585
462
130
158
438
624
115
497
721
449
69
436
165
362
19
866
287
116
793
117
712
878
781
601
962
890
102
504
409
597
187
789
253
842
963
643
830
615
22
713
865
155
530
241
515
593
372
928
87
85
349
488
274
498
387
540
309
172
894
745
535
625
734
915
653
867
262
312
404
559
297
551
778
4
869
994
614
716
531
104
761
284
176
397
389
608
46
730
67
330
932
567
90
445
394
517
204
896
973
548
562
179
219
85
583
565
254
751
549
93
831
834
526
290
438
205
767
911
643
155
966
682
353
783
141
495
231
972
112
670
783
195
129
903
409
536
501
589
147
836
114
174
15
582
453
962
150
567
840
887
982
664
628
88
530
193
780
74
16
4
84
781
548
229
992
868
531
724
541
235
383
298
650
710
509
124
639
183
739
338
308
671
871
837
765
961
525
566
502
867
282
277
301
645
257
647
352
884
661
189
190
178
659
765
75
926
180
312
725
77
388
354
132
444
673
952
33
402
800
445
709
709
884
212
143
784
529
305
361
349
787
580
42
997
79
399
134
971
242
53
658
411
132
651
591
771
568
242
553
715
739
355
822
210
707
118
871
943
215
958
724
183
778
509
326
133
479
726
796
519
429
56
549
707
264
364
517
38
270
303
329
89
779
680
850
635
781
504
894
533
394
951
599
36
520
925
899
586
127
412
485
542
886
865
89
29
624
347
729
16
292
994
288
341
89
291
588
731
821
349
895
968
551
793
533
183
888
540
722
859
785
297
679
256
656
446
831
853
873
696
384
605
738
133
566
670
770
547
541
825
319
325
133
523
829
770
367
356
824
889
358
258
912
524
699
948
32
516
948
135
918
502
588
967
717
966
254
923
125
897
788
692
624
881
610
360
545
77
394
850
531
742
602
121
673
911
708
647
864
80
462
237
427
159
990
148
963
899
947
660
130
357
337
336
375
479
708
197
475
100
664
512
44
944
958
596
925
594
84
677
308
530
18
562
792
60
853
244
748
567
817
906
409
916
287
889
210
525
734
415
237
794
872
339
38
820
113
813
893
544
791
105
528
916
960
389
350
635
826
940
990
110
289
672
33
203
523
721
280
269
51
932
146
116
645
557
582
604
591
264
686
599
779
296
809
449
848
97
830
475
971
107
883
841
307
621
323
918
521
37
600
731
460
912
205
72
947
706
671
928
396
365
140
42
594
49
916
905
214
418
576
624
395
856
281
294
665
322
372
616
117
102
35
54
151
613
637
962
832
381
152
208
576
661
967
151
675
138
844
815
684
376
246
66
943
313
369
45
863
981
767
536
113
975
597
557
310
364
232
254
281
385
167
954
532
822
477
960
948
412
81
916
687
570
159
815
501
442
584
712
969
590
679
835
511
809
404
709
786
803
794
134
217
433
882
440
395
213
86
949
300
968
520
185
477
572
630
378
699
812
89
315
311
384
991
186
453
991
222
216
911
250
601
743
968
753
553
763
575
654
753
726
856
81
433
497
718
291
194
588
916
418
274
25
170
39
244
942
39
244
509
236
531
792
906
151
752
99
386
570
416
24
990
15
138
354
583
7
912
413
361
728
42
690
529
771
490
192
131
257
195
480
733
118
479
182
24
769
430
840
954
356
429
845
30
778
501
803
131
687
84
286
921
964
911
602
206
677
503
892
561
376
995
981
902
431
847
853
725
421
932
662
775
199
216
433
420
820
181
354
245
358
447
951
32
979
540
686
959
258
318
31
892
380
606
67
105
773
516
753
577
240
369
973
42
411
948
134
627
518
514
701
713
391
981
49
325
512
627
60
993
446
734
518
689
149
181
413
314
122
498
479
581
306
287
236
797
606
201
526
609
9
505
918
565
895
666
639
187
555
123
551
202
866
905
872
288
609
736
384
281
625
912
4
970
350
982
657
992
261
925
454
370
548
360
480
236
985
659
449
419
955
823
761
380
550
64
790
504
15
862
872
597
283
55
705
662
803
506
850
834
100
58
448
695
589
394
559
508
912
172
298
550
324
35
864
856
6
486
831
596
289
107
259
805
41
628
547
940
578
837
785
889
160
224
882
656
114
819
827
653
202
934
316
637
405
167
41
868
839
56
579
292
630
422
500
745
242
314
653
712
897
688
32
231
744
143
347
313
603
99
478
223
775
70
531
749
529
903
93
309
113
533
197
932
586
357
8
663
499
656
562
400
760
362
779
462
705
801
891
93
720
694
977
963
809
862
470
200
845
652
289
474
691
489
915
902
681
428
463
557
253
230
119
248
561
929
545
193
298
838
474
13
881
112
907
163
270
916
647
363
439
890
829
225
523
980
448
352
555
77
301
496
674
656
186
708
355
869
276
364
682
715
337
279
169
264
148
474
53
815
245
872
829
633
556
347
227
498
438
538
629
608
807
98
301
66
291
194
388
389
565
652
137
372
441
847
32
341
580
733
612
394
270
868
229
479
970
734
611
771
368
287
589
927
405
325
513
972
263
428
833
297
108
647
745
833
876
376
172
916
599
121
178
514
869
975
625
793
660
834
91
537
227
205
676
356
743
519
553
610
228
495
775
691
302
250
758
26
358
198
975
872
320
601
276
900
176
827
898
380
822
254
147
28
573
882
938
815
451
622
209
766
496
888
151
200
514
106
296
588
69
153
870
759
230
763
85
320
560
478
122
559
790
993
771
290
800
61
757
945
96
722
945
4
775
669
491
880
374
682
807
593
642
930
501
837
682
632
319
193
751
641
76
180
808
272
321
638
944
405
508
239
34
433
252
459
621
880
858
977
309
3
370
534
571
362
155
765
936
715
701
843
966
864
548
487
527
760
18
935
308
580
930
924
271
227
899
19
261
887
39
482
766
757
116
722
603
574
425
108
683
114
570
934
91
852
57
61
808
179
177
372
154
261
486
610
51
719
615
569
92
46
781
914
328
291
214
949
996
303
762
247
805
486
694
304
306
28
756
38
469
168
577
561
425
76
156
876
524
645
474
413
223
131
591
88
339
497
72
115
769
242
572
442
685
173
210
259
490
179
497
213
644
44
323
425
139
462
811
730
588
611
990
900
650
372
618
660
171
874
89
57
754
763
937
559
54
824
203
327
313
370
685
305
320
915
612
680
903
300
515
731
88
330
824
215
409
363
427
836
968
764
939
313
840
733
439
453
490
531
385
418
973
109
495
529
489
480
129
188
619
742
593
744
927
67
5
104
640
974
226
355
467
931
310
589
552
374
16
119
913
115
219
121
652
13
939
549
274
763
921
206
381
959
112
94
235
94
195
582
866
585
298
955
449
267
7
905
547
87
645
784
921
409
481
251
82
708
760
740
434
561
714
830
760
78
729
394
523
203
614
781
753
519
152
524
433
35
965
584
317
555
448
876
827
474
763
669
490
932
389
454
701
914
645
194
969
544
658
319
2
14
588
734
326
472
590
118
20
39
525
905
621
832
484
242
170
748
719
198
170
400
550
389
965
283
637
108
628
205
205
409
56
791
580
994
51
984
33
427
830
112
888
174
861
563
835
316
334
426
377
478
600
452
812
83
777
252
894
996
110
731
107
50
578
389
910
748
972
154
183
948
405
33
404
256
769
939
825
173
947
60
296
186
711
9
661
653
107
921
573
122
419
504
43
892
117
307
36
970
929
976
342
581
871
845
760
790
340
163
897
313
663
872
558
995
316
599
280
301
364
113
699
70
288
680
947
693
641
641
211
483
660
496
611
961
687
843
991
805
465
539
325
809
540
199
2
680
80
477
665
347
692
257
529
218
596
184
750
116
586
718
96
238
80
32
309
426
161
455
749
524
971
8
953
804
904
105
952
91
51
537
828
582
663
261
202
357
592
790
617
742
490
800
800
197
815
453
457
678
628
531
821
714
196
75
905
488
740
389
91
771
750
337
639
787
922
79
512
441
69
573
279
946
753
658
314
397
202
768
705
375
136
976
431
12
515
900
685
217
927
197
792
609
800
214
986
127
561
54
847
317
462
939
196
43
948
667
503
873
713
857
322
316
412
776
296
31
363
950
524
41
165
74
483
822
297
34
552
54
968
323
252
330
223
239
718
240
547
529
418
996
570
566
625
514
243
292
569
725
20
148
271
676
50
747
439
614
431
903
954
692
952
938
166
753
156
656
171
270
806
266
345
706
295
876
574
122
219
660
331
688
17
428
589
18
89
935
793
828
261
241
589
75
710
383
143
869
278
466
542
995
324
448
597
271
656
778
995
858
347
888
57
646
227
980
993
474
851
583
33
336
935
922
811
283
198
853
160
499
817
62
794
402
461
602
648
201
392
190
813
440
474
921
750
99
88
330
999
759
415
141
154
332
767
202
411
186
836
830
713
30
940
390
36
864
936
561
880
555
27
700
949
642
362
16
856
147
509
307
521
510
662
826
126
462
804
926
693
149
137
671
586
245
805
391
981
859
424
917
488
278
508
648
676
813
254
485
795
694
52
880
83
355
515
907
644
575
301
140
563
756
832
224
561
613
568
439
386
911
166
416
469
814
365
300
121
582
4
390
981
800
856
386
350
69
273
925
778
774
877
243
94
724
741
141
103
947
210
751
425
798
546
869
481
125
395
566
194
960
600
759
839
798
642
339
54
894
661
434
291
594
575
431
849
127
165
465
244
795
452
798
304
389
492
531
870
533
136
572
706
258
908
398
533
689
172
426
448
21
640
188
272
985
158
553
115
439
515
120
894
107
3
335
869
343
45
860
388
913
79
545
790
873
618
706
536
254
930
199
916
675
56
973
601
219
468
596
911
527
174
817
43
221
869
336
835
388
292
767
951
607
187
954
217
633
378
310
458
158
79
980
499
907
396
12
799
92
748
583
505
485
870
200
526
888
579
165
173
504
304
691
141
485
242
263
13
176
645
63
155
470
632
738
840
305
231
907
439
928
445
585
174
537
398
349
839
175
802
81
220
876
117
367
518
987
145
449
503
122
22
281
252
508
153
70
393
391
663
670
862
855
170
770
931
314
433
297
542
904
956
533
436
389
219
944
954
377
476
35
263
316
784
701
727
771
811
529
479
7
714
780
28
527
218
363
299
851
84
464
508
665
266
301
926
330
913
796
619
567
74
438
16
93
219
884
786
553
754
441
855
413
276
803
13
232
994
726
802
858
140
891
298
933
557
615
556
34
383
201
775
726
4
537
513
994
197
739
147
493
133
271
305
39
817
913
529
709
565
376
475
408
578
830
786
358
794
838
829
953
851
306
636
378
494
912
530
916
895
206
137
953
502
178
745
68
32
870
277
806
857
722
777
391
564
955
921
687
893
33
542
498
683
241
133
706
891
555
495
665
669
824
178
329
67
31
537
506
410
950
207
869
267
907
960
9
402
216
684
234
417
714
814
671
786
160
179
410
105
688
565
466
79
432
922
29
155
876
745
182
522
784
326
309
20
989
660
651
966
249
409
490
793
84
804
526
493
559
138
166
536
150
945
364
783
910
922
82
933
965
765
355
72
12
359
244
911
92
268
105
764
582
914
296
896
404
881
171
802
360
599
151
781
866
275
451
74
607
431
454
541
837
725
359
988
177
665
216
934
213
879
414
214
413
299
679
311
543
850
122
513
316
1
13
744
445
480
511
165
244
222
521
174
348
924
592
96
186
843
498
497
476
166
249
390
947
217
638
501
702
419
753
146
700
366
848
78
266
811
344
755
609
838
164
347
218
992
982
843
750
865
795
757
554
949
302
17
775
637
732
43
496
968
628
982
586
670
555
506
560
289
952
514
686
834
610
630
730
934
282
94
735
500
803
518
295
70
654
684
666
330
662
488
963
535
668
196
511
563
677
332
723
734
942
576
759
681
418
694
818
782
296
440
488
19
719
498
303
922
997
680
204
727
268
125
324
60
268
306
383
759
885
78
763
856
568
268
825
259
192
560
802
374
253
665
863
950
288
896
176
148
427
913
424
731
296
273
268
529
866
200
96
521
633
936
633
731
940
958
882
119
39
456
110
912
761
50
698
526
17
903
966
524
795
324
997
996
353
318
834
384
340
454
614
809
442
225
987
136
981
20
367
130
987
219
316
239
34
824
857
407
623
61
27
612
334
533
433
973
766
335
427
285
453
842
450
153
958
845
721
269
551
36
384
691
408
571
419
262
768
470
464
152
841
586
349
669
809
884
821
483
251
382
732
514
336
899
975
279
721
663
292
26
825
521
124
59
252
522
914
528
10
630
743
35
612
779
766
69
404
537
574
884
912
440
804
261
960
946
452
943
989
689
469
63
821
706
351
575
639
288
962
384
1
399
583
689
62
178
318
635
666
433
312
740
307
479
551
314
901
730
86
813
416
319
686
440
135
153
511
947
253
331
833
149
556
393
861
375
329
427
355
50
48
719
259
914
739
193
404
290
532
506
928
998
32
356
734
743
327
215
88
226
143
890
853
200
886
385
257
392
510
147
57
728
998
65
520
351
782
708
788
416
696
845
500
712
926
225
54
808
368
626
29
865
376
913
725
131
767
853
31
240
582
532
788
228
395
178
612
202
391
69
115
122
271
240
593
198
413
544
332
506
755
126
714
671
285
737
458
874
140
907
632
591
619
934
621
796
236
299
453
381
855
51
351
227
789
907
945
884
408
863
744
839
55
625
436
173
881
459
226
630
380
917
375
124
678
578
854
107
693
555
473
514
576
642
379
71
203
405
795
196
5
579
362
164
343
218
219
809
732
322
780
700
393
628
225
496
797
663
24
444
192
261
821
846
220
64
242
261
837
310
977
805
843
273
86
338
378
567
119
378
724
479
347
650
639
934
981
435
949
945
749
903
39
220
277
447
60
879
139
516
327
877
780
339
820
230
792
88
939
657
927
441
821
407
538
684
630
101
740
612
1
140
642
342
164
600
810
371
462
441
936
388
536
809
443
310
706
43
322
386
682
358
403
679
254
132
828
486
31
332
18
243
985
549
944
44
135
300
194
465
170
713
425
131
23
283
245
235
271
345
136
971
222
980
233
832
764
342
249
133
57
780
269
834
830
826
326
569
707
313
800
272
701
865
253
455
352
432
844
818
777
979
615
438
842
590
641
565
678
443
941
435
431
797
603
796
960
820
814
693
185
91
890
739
842
836
497
316
873
169
611
124
230
901
505
996
835
928
54
4
218
585
653
513
585
701
963
955
347
835
205
755
219
432
325
880
519
334
480
40
601
399
378
218
20
612
631
489
140
531
328
160
723
887
56
616
448
629
245
806
376
467
586
837
438
413
869
815
922
599
73
275
991
949
659
895
582
545
837
815
595
125
739
441
782
499
426
408
327
75
203
6
544
424
144
947
455
259
544
288
932
414
426
728
34
698
643
920
704
991
808
472
886
19
585
430
737
277
589
814
794
931
494
95
797
713
946
437
961
314
934
294
611
740
577
668
986
823
207
538
357
92
196
966
512
595
757
563
189
569
33
223
977
419
864
992
533
808
438
988
444
514
619
868
799
266
740
193
33
352
991
49
231
215
736
963
794
725
353
555
235
922
313
433
702
493
143
99
657
956
714
246
673
196
985
50
885
95
61
454
483
830
618
362
60
250
73
394
492
590
912
178
618
492
473
829
31
379
794
724
24
259
963
747
303
281
679
555
574
578
792
256
854
115
386
882
737
570
283
311
185
654
526
393
201
337
754
121
526
228
936
381
927
2
851
443
899
214
623
835
537
862
888
340
734
561
536
185
147
872
69
930
760
128
975
972
130
794
757
232
333
911
93
616
141
381
456
395
611
895
576
364
149
898
166
579
439
186
334
797
206
811
459
515
622
571
188
640
805
123
329
866
244
413
520
21
664
202
606
712
216
290
241
430
326
551
186
174
383
354
260
977
907
355
568
201
335
558
981
496
899
487
538
225
180
113
304
190
229
984
792
691
212
892
946
68
939
442
133
144
549
365
604
292
418
17
962
487
371
921
716
401
881
248
185
45
418
293
875
378
817
399
868
531
307
52
544
344
982
962
17
676
651
541
750
975
139
799
522
809
764
883
309
189
256
970
685
434
956
613
853
243
793
454
654
718
648
430
918
783
564
899
244
91
483
120
357
894
396
818
454
657
374
241
284
484
458
626
241
376
789
414
518
73
833
282
280
473
686
267
671
552
68
982
827
979
934
481
884
668
206
457
78
548
616
189
265
980
997
550
108
998
232
345
494
45
607
368
642
400
756
502
180
86
2
631
491
123
546
528
758
391
580
773
113
287
584
799
508
457
966
315
377
468
303
142
699
978
275
869
557
310
606
795
25
860
922
608
116
948
434
878
448
887
351
193
848
565
161
606
745
686
857
687
678
713
923
298
967
244
663
161
237
143
704
571
136
919
351
857
446
31
53
604
65
193
580
603
478
357
323
96
277
748
284
101
381
317
491
955
698
599
845
139
540
197
55
558
753
822
208
107
175
955
751
463
20
268
579
930
646
183
382
434
99
592
947
375
187
367
994
608
565
894
946
692
754
626
687
759
728
383
823
176
774
299
902
959
398
265
600
713
910
461
752
663
2
210
99
85
592
405
913
785
655
974
843
878
59
859
336
152
215
149
387
198
102
191
81
560
680
299
74
0
391
603
376
494
420
350
210
687
740
757
223
679
428
29
199
666
45
723
666
414
764
212
340
68
907
828
374
298
750
830
110
489
732
398
805
149
755
296
140
362
943
911
239
566
866
795
933
743
437
317
231
110
839
879
200
726
20
323
958
642
135
273
10
199
235
431
539
166
253
114
177
733
174
431
222
697
470
956
986
958
876
296
869
484
322
407
649
709
423
939
47
995
495
423
845
946
45
443
704
943
817
467
872
684
86
991
545
650
111
789
848
521
794
782
157
643
711
943
831
33
713
516
793
736
715
380
535
770
203
97
179
182
927
305
746
606
599
701
45
875
704
451
845
555
480
917
705
246
447
289
836
162
27
583
553
387
580
710
384
102
193
443
155
10
110
345
941
327
24
338
879
720
533
105
553
926
346
278
893
574
166
824
639
453
681
521
46
157
41
20
672
607
541
482
71
577
603
105
857
875
640
13
238
497
627
681
67
924
994
426
56
144
992
816
131
935
190
541
717
524
112
479
853
476
781
413
381
329
36
81
325
85
863
425
737
798
725
44
654
134
616
841
513
460
327
480
368
350
50
571
804
666
726
435
201
173
379
411
243
158
455
343
368
102
6
323
320
98
195
639
819
348
466
807
83
329
410
35
631
51
53
579
851
204
38
914
428
171
842
484
258
237
940
487
876
926
531
399
245
881
399
313
304
464
307
101
810
331
502
24
187
607
999
977
382
586
267
5
650
644
18
962
670
403
935
797
190
931
70
644
226
826
935
173
718
821
540
335
741
689
448
677
10
238
933
118
660
482
801
358
833
674
424
467
101
608
367
961
169
287
768
730
729
802
447
441
773
412
848
697
623
97
117
677
63
569
667
374
228
56
259
389
786
218
636
466
255
733
374
339
369
785
38
483
599
172
804
488
737
978
695
580
899
401
236
667
336
832
242
444
52
539
175
341
115
599
379
351
397
379
48
671
742
113
854
938
203
597
511
329
871
656
656
895
304
368
421
250
994
939
137
544
231
587
122
515
398
601
954
86
514
731
783
5
604
874
146
87
790
460
149
266
287
428
787
520
335
911
49
470
69
560
819
724
104
986
740
900
315
330
597
270
283
820
114
102
141
163
537
438
14
859
594
741
108
444
310
211
780
908
722
575
241
222
615
405
940
178
995
708
449
401
416
722
7
124
235
889
480
828
43
181
745
572
836
216
14
365
524
54
398
56
288
215
824
534
228
162
46
909
598
140
444
318
318
95
247
293
762
54
182
444
867
115
746
18
234
911
502
477
87
319
609
764
733
585
161
379
595
150
377
436
579
33
612
59
48
149
735
459
684
827
66
875
142
9
882
793
614
540
470
98
381
611
145
644
982
182
267
358
785
968
272
882
578
728
869
689
793
427
839
864
964
569
346
746
27
590
913
206
64
191
611
94
216
230
21
131
332
373
795
652
283
774
670
896
8
249
535
133
129
543
319
273
6
858
895
165
945
20
811
783
996
187
146
833
936
607
838
433
967
277
462
406
570
419
728
951
805
334
376
974
649
589
304
714
436
590
872
143
350
173
60
143
474
182
102
670
213
158
759
957
523
64
317
520
82
587
820
267
569
17
553
406
286
848
648
936
750
301
553
807
98
357
950
393
397
690
216
236
331
240
388
996
372
203
39
534
322
487
576
979
778
758
614
71
806
259
859
41
887
450
448
138
611
773
661
392
659
773
627
248
391
755
279
471
388
397
943
729
167
260
44
30
555
899
620
680
680
585
248
309
570
844
361
956
282
287
320
885
598
908
254
651
562
92
261
825
250
86
604
180
237
379
759
351
48
249
708
741
772
142
120
166
875
356
34
739
548
300
777
847
755
440
998
493
698
99
694
566
594
616
655
568
861
862
921
342
994
729
396
498
723
6
585
218
781
150
212
661
177
23
912
59
893
985
331
7
997
714
829
818
113
344
204
673
352
568
830
653
539
586
845
582
384
153
52
896
58
997
374
670
816
622
166
63
385
639
737
38
385
29
508
276
184
539
205
864
274
937
820
937
578
236
509
796
406
842
19
609
633
318
399
31
557
677
737
639
377
292
33
655
396
403
449
551
78
147
388
200
852
836
606
72
44
694
323
843
740
891
675
552
625
657
969
753
521
609
840
577
564
861
847
905
601
898
880
623
444
319
609
569
237
629
364
26
232
318
295
561
255
746
599
355
99
417
614
167
684
865
952
884
575
275
137
664
264
319
125
229
505
990
370
594
751
498
826
131
522
31
962
395
498
105
820
559
591
276
360
349
784
530
116
475
690
509
197
283
200
21
378
536
675
871
695
976
421
508
988
325
462
546
283
146
632
826
194
815
584
857
164
110
302
130
423
833
257
897
173
84
640
820
339
922
3
701
22
785
6
726
414
391
614
226
688
311
764
681
823
207
573
598
315
299
767
676
695
402
144
391
257
781
742
142
172
350
622
108
258
633
425
393
901
995
748
398
11
385
31
484
429
487
463
570
915
19
854
229
714
979
499
979
932
13
430
823
504
396
31
92
22
24
276
392
723
891
930
822
696
823
806
391
651
797
908
11
104
821
256
730
659
187
351
301
282
308
127
539
959
765
659
774
495
646
194
249
972
384
314
63
576
369
248
39
68
527
17
181
354
316
62
619
406
159
244
576
802
514
542
707
730
74
283
0
796
958
306
551
400
685
657
971
708
652
920
178
546
60
155
280
248
557
503
124
141
916
704
239
106
878
731
631
551
124
615
134
137
922
382
556
362
435
669
665
270
307
781
89
862
42
898
104
355
871
949
485
577
215
461
796
681
604
103
650
683
524
815
239
289
599
877
964
910
901
441
69
532
705
346
375
962
543
736
222
92
850
994
530
390
213
608
797
953
744
201
952
951
339
88
295
417
262
122
3
897
732
382
127
707
761
312
662
855
16
788
783
609
254
516
449
193
392
403
92
514
620
606
679
806
701
989
683
489
399
447
934
508
454
90
527
21
308
876
27
539
649
217
927
137
395
216
712
432
398
123
546
390
123
933
391
404
649
9
9
338
864
300
519
926
298
116
355
106
757
281
811
601
19
475
703
721
457
128
182
171
245
619
0
956
599
95
104
153
967
407
874
551
143
390
332
209
536
251
882
57
444
230
743
808
567
230
602
841
56
342
29
174
154
671
216
568
585
234
53
987
101
532
711
989
757
472
322
15
488
312
261
326
306
677
447
757
521
389
952
261
198
195
511
969
575
770
380
411
751
27
856
860
378
855
840
223
594
50
864
531
191
101
946
86
709
681
220
719
6
920
838
617
676
40
37
921
266
125
768
317
650
144
621
189
506
530
895
973
445
775
608
348
805
468
343
82
162
328
742
537
936
398
961
419
791
517
778
3
483
947
617
870
63
10
116
604
516
74
79
425
729
925
495
703
238
493
321
833
589
1
12
170
138
929
930
730
302
211
236
285
572
855
775
688
235
827
493
109
328
746
841
404
810
650
699
17
953
58
111
7
765
131
571
808
423
322
798
647
164
427
865
2
922
323
706
532
933
431
850
964
754
626
692
642
337
454
327
714
120
403
442
189
378
766
825
124
749
613
14
296
587
243
930
775
335
135
332
866
501
27
353
83
432
605
25
241
99
892
750
80
287
19
226
905
367
781
72
571
793
17
623
602
49
502
328
308
150
70
757
587
731
763
151
433
926
304
684
896
538
269
780
542
927
999
947
805
867
391
952
166
629
91
483
141
167
475
913
200
521
8
414
179
515
925
64
809
28
419
735
857
113
283
734
435
930
416
769
753
817
791
692
259
21
408
584
100
98
828
924
860
307
98
479
719
254
575
596
983
201
301
406
876
828
169
614
249
25
21
554
290
268
484
991
108
248
377
177
290
765
968
815
313
690
220
98
463
85
635
179
892
646
888
765
145
148
243
712
284
987
52
626
26
346
24
167
528
725
132
712
631
366
849
639
850
888
47
444
784
544
621
17
646
617
826
83
878
102
105
155
145
262
181
464
69
321
110
664
862
460
172
635
425
692
680
725
80
809
665
176
109
963
518
407
721
706
146
169
688
596
352
725
943
881
812
788
53
279
562
953
744
668
390
774
460
688
175
680
452
535
357
935
260
562
141
483
322
628
447
561
851
251
816
578
154
139
564
292
569
418
984
449
11
100
622
968
967
321
794
232
392
570
93
709
242
209
935
580
962
183
926
727
60
87
332
813
574
86
7
877
475
349
155
881
297
416
125
20
975
901
681
348
358
960
783
858
769
279
438
469
697
559
858
461
918
942
371
276
100
268
602
12
640
696
431
438
58
748
185
753
584
297
780
221
984
342
220
68
683
311
563
727
589
186
239
761
989
621
810
244
449
884
598
452
122
986
442
750
201
838
59
160
504
217
222
387
773
732
906
789
635
11
939
22
410
791
127
538
77
345
25
257
196
170
36
770
383
257
430
647
106
145
550
459
159
687
876
983
370
467
6
460
468
764
875
381
579
438
190
551
604
422
660
302
91
756
415
887
529
91
562
712
239
60
427
602
32
358
182
649
284
524
167
811
378
571
919
185
428
993
590
801
686
613
318
458
60
983
911
21
307
726
67
822
82
208
243
677
24
373
988
173
625
967
637
565
689
664
123
211
55
373
290
763
792
331
436
862
56
314
229
787
86
827
633
55
934
779
376
681
517
571
213
293
123
698
779
678
365
701
670
190
472
482
68
736
202
688
566
502
659
474
432
807
237
904
803
954
301
860
29
106
325
207
455
685
386
259
83
607
170
229
429
838
681
189
899
439
240
47
713
132
730
974
157
105
688
833
690
427
120
923
722
119
987
152
561
340
13
8
554
634
465
206
849
735
907
629
844
32
562
662
40
805
713
346
964
121
603
760
313
349
484
9
770
994
13
139
811
467
743
514
353
845
554
579
168
357
572
995
646
332
435
870
449
996
369
436
889
449
784
390
163
500
672
489
824
256
785
28
261
401
374
552
675
525
913
231
614
623
580
45
446
808
549
226
98
572
217
748
383
985
122
786
450
164
313
247
299
779
278
860
39
303
641
553
82
407
669
546
976
807
489
346
181
660
118
657
102
499
862
953
143
377
559
762
247
856
206
710
968
442
23
449
382
320
55
791
458
655
650
557
991
705
764
739
823
497
352
508
689
830
967
100
972
653
312
519
588
209
755
346
805
201
917
865
507
577
735
3
39
78
798
933
11
847
680
565
342
990
21
790
264
79
625
904
957
709
820
383
776
541
563
631
490
578
366
243
957
604
123
244
631
223
747
226
368
147
577
148
215
366
249
184
68
549
118
12
606
533
528
510
435
525
207
653
992
169
701
741
515
15
826
35
358
733
119
402
584
253
989
953
207
543
401
861
36
71
574
434
462
416
813
183
675
181
330
691
352
327
275
699
669
713
207
211
793
846
919
614
439
229
39
622
12
235
548
118
792
858
321
719
151
909
941
794
899
378
327
172
513
249
741
204
961
893
775
641
475
543
405
681
693
123
199
233
31
536
376
134
84
115
647
357
236
935
636
659
529
397
992
256
810
423
470
404
742
615
816
886
879
475
790
883
342
734
349
142
860
598
712
531
477
679
388
40
935
441
672
748
201
186
267
620
393
148
93
913
6
13
996
171
465
248
916
180
29
412
247
435
421
618
646
553
195
243
818
989
483
684
1
773
265
490
668
469
911
844
684
566
607
19
277
933
608
14
603
757
719
328
120
915
313
175
792
662
637
88
15
342
48
484
499
876
365
802
464
335
851
83
628
304
175
723
628
983
500
776
387
616
548
277
746
238
741
220
393
585
555
645
196
628
278
891
295
318
499
793
907
362
983
41
895
295
266
678
79
638
196
505
965
938
869
153
914
988
772
136
430
568
179
196
305
215
292
30
112
926
43
296
702
875
882
569
882
173
482
990
937
748
860
143
649
44
2
803
808
733
710
967
884
792
890
973
141
826
816
67
8
998
290
818
866
432
538
753
352
345
52
24
525
297
605
375
917
178
487
5
176
221
268
180
556
458
976
645
154
195
445
699
254
607
711
114
573
415
767
385
872
236
245
347
280
512
85
307
979
954
527
769
812
880
938
914
615
450
708
362
253
120
161
557
289
974
526
822
761
680
122
415
70
611
182
96
482
828
331
763
317
42
127
230
495
521
824
554
924
974
718
823
47
751
877
426
567
759
904
238
122
329
517
373
311
334
815
992
120
93
305
141
173
754
263
300
339
774
200
795
148
503
473
493
474
182
628
452
254
700
206
525
127
223
870
385
766
662
340
425
300
200
147
472
151
940
781
520
224
974
57
103
242
417
465
9
444
523
64
191
118
691
818
88
51
604
846
718
756
42
92
22
439
759
587
713
124
836
823
317
202
482
41
954
102
600
620
412
300
501
498
321
792
587
352
419
848
318
57
15
644
388
784
507
949
504
59
50
948
224
904
294
103
585
714
267
144
316
65
857
886
483
350
664
776
174
663
665
496
255
463
643
816
229
13
671
68
794
186
90
251
82
39
941
844
353
986
881
595
22
330
325
704
84
10
705
346
377
507
679
226
234
6
581
290
434
769
252
387
803
998
180
407
577
317
381
534
564
218
301
723
22
2
723
490
697
158
696
415
685
63
962
38
981
754
664
191
344
348
163
288
606
635
466
179
756
138
507
234
351
990
58
292
13
650
336
999
213
781
884
579
160
383
965
54
884
207
613
567
119
613
358
192
688
861
712
327
900
338
280
219
79
616
460
821
259
921
3
220
486
930
102
947
743
147
146
132
312
534
466
654
188
883
584
337
137
680
957
659
749
694
376
192
275
861
869
440
780
977
464
944
880
216
778
601
266
118
481
60
121
258
949
23
633
965
725
626
640
45
150
323
435
570
651
826
663
222
110
48
822
830
105
346
669
523
504
603
856
988
722
36
626
466
432
609
674
505
430
512
959
337
855
513
197
979
71
452
663
217
539
101
475
867
328
336
260
531
173
236
435
225
836
91
714
840
585
887
192
369
822
78
215
638
939
849
826
900
529
236
689
654
922
258
335
308
265
567
981
254
350
545
863
640
333
656
743
418
42
922
239
495
613
982
471
813
413
76
54
705
654
955
887
219
295
145
965
73
210
831
674
268
721
10
509
186
136
837
158
696
369
313
320
134
905
734
65
952
310
686
844
663
203
512
344
582
611
470
182
678
911
83
68
644
838
408
747
627
600
957
244
677
799
429
656
422
816
578
924
754
836
505
164
171
717
815
574
48
661
66
222
412
636
940
9
306
241
512
695
987
885
5
494
562
15
16
592
11
270
163
209
472
665
454
675
82
90
996
375
252
173
115
186
187
479
575
660
58
561
464
623
205
901
662
228
677
119
267
754
950
888
168
356
955
191
20
749
634
929
97
536
324
818
570
140
700
976
524
830
563
683
580
831
580
322
582
710
484
461
856
427
302
180
219
602
806
10
199
660
959
457
337
243
81
507
406
256
38
647
145
73
666
658
823
625
327
730
454
487
652
375
612
970
454
763
883
6
502
917
157
119
876
377
90
213
620
921
113
643
604
965
569
316
379
670
491
245
706
923
97
574
278
367
479
258
849
825
549
130
482
408
211
911
275
170
459
813
229
494
717
846
364
330
54
538
674
474
458
281
693
650
965
964
281
823
824
516
417
741
572
234
657
790
194
708
519
18
566
639
562
138
445
415
69
85
982
164
266
959
29
538
265
511
193
286
882
642
684
709
524
939
410
789
632
646
985
56
942
109
718
693
363
785
300
463
678
367
302
977
709
565
424
511
934
67
82
699
475
520
203
997
108
745
476
163
996
819
847
358
683
648
350
793
131
17
491
363
751
714
481
732
117
536
873
177
451
939
43
559
260
532
547
831
799
330
493
703
11
508
187
598
794
996
637
49
493
576
864
493
976
110
408
742
131
791
551
259
474
733
127
405
782
713
850
300
922
344
91
988
773
128
8
449
408
31
470
225
36
593
488
912
529
317
954
563
720
900
278
654
521
353
303
181
505
644
826
286
582
209
644
23
59
122
756
477
585
546
377
763
370
385
269
12
12
350
730
785
203
729
265
294
748
7
469
271
903
338
929
710
527
651
207
780
341
352
47
489
172
669
786
590
233
74
772
443
831
368
219
101
645
578
946
982
785
663
62
613
444
485
438
939
945
637
513
262
11
449
423
671
799
794
488
637
152
797
220
206
696
568
951
558
154
71
934
776
484
618
740
183
992
466
611
952
542
788
249
740
69
725
953
624
910
363
591
317
58
872
524
997
334
316
813
207
631
758
182
506
564
819
445
738
570
485
269
260
633
534
991
59
912
458
822
825
8
159
522
73
957
355
286
304
288
526
514
797
926
412
825
484
525
9
999
913
766
432
632
546
929
968
943
324
964
386
472
980
157
714
128
406
3
618
214
165
547
644
681
965
849
532
853
483
569
610
392
5
308
72
793
467
350
237
303
231
199
881
609
70
679
436
398
764
168
549
72
414
959
135
567
388
300
967
549
713
125
93
504
367
817
789
301
944
39
467
187
455
153
514
75
877
862
568
714
965
622
466
635
297
774
481
38
714
540
851
48
711
79
259
385
458
859
504
730
617
728
206
265
231
52
300
773
450
425
951
510
46
329
920
172
13
364
652
792
575
296
479
882
711
401
296
156
399
359
963
902
239
473
646
7
986
53
918
568
278
877
316
822
606
868
555
230
433
193
223
156
521
228
845
912
736
688
221
745
930
230
393
759
881
367
373
318
966
298
689
475
59
533
17
767
759
34
89
703
950
421
670
8
134
114
637
276
692
907
490
609
889
530
979
745
48
75
606
662
264
301
24
240
14
670
765
957
838
272
301
711
320
850
335
831
641
949
766
187
692
574
505
1
909
764
705
812
911
204
466
47
652
377
240
672
667
906
4
701
652
11
568
940
798
984
932
879
46
10
46
404
797
619
670
754
75
463
225
609
524
805
825
331
736
553
570
905
744
561
173
922
761
300
358
585
337
178
87
354
631
293
364
625
109
120
490
197
896
122
166
593
191
774
924
239
947
57
366
147
723
590
170
512
753
372
183
844
870
72
488
215
131
427
785
323
439
370
212
394
432
649
161
283
404
360
844
203
929
390
18
252
693
437
71
99
906
964
569
161
79
648
823
608
997
959
29
289
296
36
529
8
613
173
595
627
697
197
309
841
846
577
220
775
759
360
752
548
836
619
888
118
612
882
148
70
681
741
381
185
14
343
485
973
427
84
686
696
479
724